"Code","Short.Name","Table.Name","PovcalNet.name","Long.Name","UN.Name","DHS.2.alpha","Code.1","di_id","ISO.3166.1.numeric","X2.alpha.code","Code.2","UN.subregion.ISO","UN.Subregion.name","WB.Region","WB.2.code"
"ABW","Aruba","Aruba","#N/A","Aruba","Aruba","#N/A","ABW","AW","533","AW","ABW","AMC","Caribbean","Latin America & Caribbean","AW"
"ADO","Andorra","Andorra","#N/A","Principality of Andorra","Andorra","#N/A","ADO","AD","20","AD","ADO","EUZ","Southern Europe","Europe & Central Asia","AD"
"AFG","Afghanistan","Afghanistan","#N/A","Islamic State of Afghanistan","Afghanistan","#N/A","AFG","AF","4","AF","AFG","ASZ","Southern Asia","South Asia","AF"
"AGO","Angola","Angola","Angola","People's Republic of Angola","Angola","AO","AGO","AO","24","AO","AGO","AFM","Middle Africa","Sub-Saharan Africa","AO"
"ALB","Albania","Albania","Albania","Republic of Albania","Albania","AL","ALB","AL","8","AL","ALB","EUZ","Southern Europe","Europe & Central Asia","AL"
"ARB","Arab World","Arab World","#N/A","Arab World","#N/A","#N/A","ARB","#N/A","#N/A","1A","ARB","#N/A","#N/A",,"1A"
"ARE","United Arab Emirates","United Arab Emirates","#N/A","United Arab Emirates","United Arab Emirates","#N/A","ARE","AE","784","AE","ARE","ASW","Western Asia","Middle East & North Africa","AE"
"ARG","Argentina","Argentina","#N/A","Argentine Republic","Argentina","#N/A","ARG","AR","32","AR","ARG","AMZ","South America","Latin America & Caribbean","AR"
"ARM","Armenia","Armenia","Armenia","Republic of Armenia","Armenia","AM","ARM","AM","51","AM","ARM","ASW","Western Asia","Europe & Central Asia","AM"
"ASM","American Samoa","American Samoa","#N/A","American Samoa","American Samoa","#N/A","ASM","AS","16","AS","ASM","AMN","Northern America","East Asia & Pacific","AS"
"ATG","Antigua and Barbuda","Antigua and Barbuda","#N/A","Antigua and Barbuda","Antigua and Barbuda","#N/A","ATG","AG","28","AG","ATG","AMC","Caribbean","Latin America & Caribbean","AG"
"AUS","Australia","Australia","Australia","Commonwealth of Australia","Australia","#N/A","AUS","AU","36","AU","AUS","#N/A","#N/A","East Asia & Pacific","AU"
"AUT","Austria","Austria","Austria","Republic of Austria","Austria","#N/A","AUT","AT","40","AT","AUT","#N/A","#N/A","Europe & Central Asia","AT"
"AZE","Azerbaijan","Azerbaijan","Azerbaijan","Republic of Azerbaijan","Azerbaijan","AZ","AZE","AZ","31","AZ","AZE","ASW","Western Asia","Europe & Central Asia","AZ"
"BDI","Burundi","Burundi","Burundi","Republic of Burundi","Burundi","BU","BDI","BI","108","BI","BDI","AFE","Eastern Africa","Sub-Saharan Africa","BI"
"BEL","Belgium","Belgium","Belgium","Kingdom of Belgium","Belgium","#N/A","BEL","BE","56","BE","BEL","EUW","Western Europe","Europe & Central Asia","BE"
"BEN","Benin","Benin","Benin","Republic of Benin","Benin","BJ","BEN","BJ","204","BJ","BEN","AFW","Western Africa","Sub-Saharan Africa","BJ"
"BFA","Burkina Faso","Burkina Faso","Burkina Faso","Burkina Faso","Burkina Faso","BF","BFA","BF","854","BF","BFA","AFW","Western Africa","Sub-Saharan Africa","BF"
"BGD","Bangladesh","Bangladesh","Bangladesh","People's Republic of Bangladesh","Bangladesh","BD","BGD","BD","50","BD","BGD","ASZ","Southern Asia","South Asia","BD"
"BGR","Bulgaria","Bulgaria","Bulgaria","Republic of Bulgaria","Bulgaria","#N/A","BGR","BG","100","BG","BGR","EUE","Eastern Europe","Europe & Central Asia","BG"
"BHR","Bahrain","Bahrain","#N/A","Kingdom of Bahrain","Bahrain","#N/A","BHR","BH","48","BH","BHR","#N/A","#N/A","Middle East & North Africa","BH"
"BHS","The Bahamas","Bahamas, The","#N/A","Commonwealth of The Bahamas","Bahamas","#N/A","BHS","BS","44","BS","BHS","AMC","Caribbean","Latin America & Caribbean","BS"
"BIH","Bosnia and Herzegovina","Bosnia and Herzegovina","Bosnia and Herzegovina","Bosnia and Herzegovina","Bosnia and Herzegovina","#N/A","BIH","BA","70","BA","BIH","EUZ","Southern Europe","Europe & Central Asia","BA"
"BLR","Belarus","Belarus","Belarus","Republic of Belarus","Belarus","#N/A","BLR","BY","112","BY","BLR","EUE","Eastern Europe","Europe & Central Asia","BY"
"BLZ","Belize","Belize","Belize","Belize","Belize","#N/A","BLZ","BZ","84","BZ","BLZ","AMM","Central America","Latin America & Caribbean","BZ"
"BMU","Bermuda","Bermuda","#N/A","The Bermudas","Bermuda","#N/A","BMU","BM","60","BM","BMU","AMN","Northern America","North America","BM"
"BOL","Bolivia","Bolivia","Bolivia","Plurinational State of Bolivia","Bolivia (Plurinational State of)","BO","BOL","BO","68","BO","BOL","AMZ","South America","Latin America & Caribbean","BO"
"BRA","Brazil","Brazil","Brazil","Federative Republic of Brazil","Brazil","#N/A","BRA","BR","76","BR","BRA","AMZ","South America","Latin America & Caribbean","BR"
"BRB","Barbados","Barbados","#N/A","Barbados","Barbados","#N/A","BRB","BB","52","BB","BRB","AMC","Caribbean","Latin America & Caribbean","BB"
"BRN","Brunei","Brunei Darussalam","#N/A","Brunei Darussalam","Brunei Darussalam","#N/A","BRN","BN","96","BN","BRN","#N/A","#N/A","East Asia & Pacific","BN"
"BTN","Bhutan","Bhutan","Bhutan","Kingdom of Bhutan","Bhutan","#N/A","BTN","BT","64","BT","BTN","ASZ","Southern Asia","South Asia","BT"
"BWA","Botswana","Botswana","Botswana","Republic of Botswana","Botswana","#N/A","BWA","BW","72","BW","BWA","AFZ","Southern Africa","Sub-Saharan Africa","BW"
"CAF","Central African Republic","Central African Republic","Central African Republic","Central African Republic","Central African Republic","#N/A","CAF","CF","140","CF","CAF","AFM","Middle Africa","Sub-Saharan Africa","CF"
"CAN","Canada","Canada","Canada","Canada","Canada","#N/A","CAN","CA","124","CA","CAN","AMN","Northern America","North America","CA"
"CEB","Central Europe and the Baltics","Central Europe and the Baltics","#N/A","Central Europe and the Baltics","#N/A","#N/A","CEB","#N/A","#N/A","B8","CEB","#N/A","#N/A",,"B8"
"CHE","Switzerland","Switzerland","Switzerland","Switzerland","Switzerland","#N/A","CHE","CH","756","CH","CHE","EUW","#N/A","Europe & Central Asia","CH"
"CHI","Channel Islands","Channel Islands","#N/A","Channel Islands"," Channel Islands","#N/A","CHI","#N/A","830",,"CHI","#N/A","#N/A","Europe & Central Asia","JG"
"CHL","Chile","Chile","Chile","Republic of Chile","Chile","#N/A","CHL","CL","152","CL","CHL","AMZ","South America","Latin America & Caribbean","CL"
"CHN","China","China","China","People's Republic of China","China","#N/A","CHN","CN","156","CN","CHN","ASF","Eastern Asia","East Asia & Pacific","CN"
"CIV","Côte d'Ivoire","Côte d'Ivoire","Cote d'Ivoire","Republic of Côte d'Ivoire","Côte d'Ivoire","CI","CIV","CI","384","CI","CIV","AFW","Western Africa","Sub-Saharan Africa","CI"
"CMR","Cameroon","Cameroon","Cameroon","Republic of Cameroon","Cameroon","CM","CMR","CM","120","CM","CMR","AFM","Middle Africa","Sub-Saharan Africa","CM"
"COG","Congo","Congo, Rep.","Congo, Republic of","Republic of Congo","Congo","CG","COG","CG","178","CG","COG","AFM","Middle Africa","Sub-Saharan Africa","CG"
"COL","Colombia","Colombia","Colombia","Republic of Colombia","Colombia","CO","COL","CO","170","CO","COL","AMZ","South America","Latin America & Caribbean","CO"
"COM","Comoros","Comoros","Comoros","Union of the Comoros","Comoros","KM","COM","KM","174","KM","COM","AFE","Eastern Africa","Sub-Saharan Africa","KM"
"CPV","Cabo Verde","Cabo Verde","Cabo Verde","Republic of Cabo Verde","Cabo Verde","#N/A","CPV","CV","132","CV","CPV","AFW","Western Africa","Sub-Saharan Africa","CV"
"CRI","Costa Rica","Costa Rica","Costa Rica","Republic of Costa Rica","Costa Rica","#N/A","CRI","CR","188","CR","CRI","AMC","Central America","Latin America & Caribbean","CR"
"CSS","Caribbean small states","Caribbean small states","#N/A","Caribbean small states","#N/A","#N/A","CSS","#N/A","915","S3","CSS","#N/A","#N/A",,"S3"
"CUB","Cuba","Cuba","#N/A","Republic of Cuba","Cuba","#N/A","CUB","CU","192","CU","CUB","AMC","Caribbean","Latin America & Caribbean","CU"
"CUW","Curaçao","Curaçao","#N/A","Curaçao","Curaçao","#N/A","CUW","CW","531","CW","CUW","AMC","Caribbean","Latin America & Caribbean","CW"
"CYM","Cayman Islands","Cayman Islands","#N/A","Cayman Islands","Cayman Islands","#N/A","CYM","KY","136","KY","CYM","AMC","Caribbean","Latin America & Caribbean","KY"
"CYP","Cyprus","Cyprus","Cyprus","Republic of Cyprus","Cyprus","#N/A","CYP","CY","196","CY","CYP","#N/A","#N/A","Europe & Central Asia","CY"
"CZE","Czech Republic","Czech Republic","Czech Republic","Czech Republic","Czech Republic","#N/A","CZE","CZ","203","CZ","CZE","EUE","Eastern Europe","Europe & Central Asia","CZ"
"DEU","Germany","Germany","Germany","Federal Republic of Germany","Germany","#N/A","DEU","DE","276","DE","DEU","#N/A","#N/A","Europe & Central Asia","DE"
"DJI","Djibouti","Djibouti","Djibouti","Republic of Djibouti","Djibouti","#N/A","DJI","DJ","262","DJ","DJI","AFE","Eastern Africa","Middle East & North Africa","DJ"
"DMA","Dominica","Dominica","#N/A","Commonwealth of Dominica","Dominica","#N/A","DMA","DM","212","DM","DMA","AMC","Caribbean","Latin America & Caribbean","DM"
"DNK","Denmark","Denmark","Denmark","Kingdom of Denmark","Denmark","#N/A","DNK","DK","208","DK","DNK","#N/A","#N/A","Europe & Central Asia","DK"
"DOM","Dominican Republic","Dominican Republic","Dominican Republic","Dominican Republic","Dominican Republic","DR","DOM","DO","214","DO","DOM","AMC","Caribbean","Latin America & Caribbean","DO"
"DZA","Algeria","Algeria","Algeria","People's Democratic Republic of Algeria","Algeria","#N/A","DZA","DZ","12","DZ","DZA","AFN","Northern Africa","Middle East & North Africa","DZ"
"EAP","East Asia & Pacific (developing only)","East Asia & Pacific","#N/A","East Asia & Pacific (developing only)","#N/A","#N/A","EAP","#N/A","#N/A","4E","EAP","#N/A","#N/A",,"4E"
"EAS","East Asia & Pacific (all income levels)","East Asia & Pacific (all income levels)","#N/A","East Asia & Pacific (all income levels)","#N/A","#N/A","EAS","#N/A","#N/A","Z4","EAS","#N/A","#N/A",,"Z4"
"ECA","Europe & Central Asia (developing only)","Europe & Central Asia","#N/A","Europe & Central Asia (developing only)","#N/A","#N/A","ECA","#N/A","#N/A","7E","ECA","#N/A","#N/A",,"7E"
"ECS","Europe & Central Asia (all income levels)","Europe & Central Asia (all income levels)","#N/A","Europe & Central Asia (all income levels)","#N/A","#N/A","ECS","#N/A","#N/A","Z7","ECS","#N/A","#N/A",,"Z7"
"ECU","Ecuador","Ecuador","Ecuador","Republic of Ecuador","Ecuador","#N/A","ECU","EC","218","EC","ECU","AMZ","South America","Latin America & Caribbean","EC"
"EGY","Egypt","Egypt, Arab Rep.","Egypt, Arab Republic of","Arab Republic of Egypt","Egypt","EG","EGY","EG","818","EG","EGY","AFN","Northern Africa","Middle East & North Africa","EG"
"EMU","Euro area","Euro area","#N/A","Euro area","#N/A","#N/A","EMU","#N/A","#N/A","XC","EMU","#N/A","#N/A",,"XC"
"ERI","Eritrea","Eritrea","#N/A","State of Eritrea","Eritrea","#N/A","ERI","ER","232","ER","ERI","AFE","Eastern Africa","Sub-Saharan Africa","ER"
"ESP","Spain","Spain","Spain","Kingdom of Spain","Spain","#N/A","ESP","ES","724","ES","ESP","#N/A","#N/A","Europe & Central Asia","ES"
"EST","Estonia","Estonia","Estonia","Republic of Estonia","Estonia","#N/A","EST","EE","233","EE","EST","EUN","Northern Europe","Europe & Central Asia","EE"
"ETH","Ethiopia","Ethiopia","Ethiopia","Federal Democratic Republic of Ethiopia","Ethiopia","ET","ETH","ET","231","ET","ETH","AFE","Eastern Africa","Sub-Saharan Africa","ET"
"EUU","European Union","European Union","#N/A","European Union","#N/A","#N/A","EUU","#N/A","#N/A","EU","EUU","#N/A","#N/A",,"EU"
"FCS","Fragile and conflict affected situations","Fragile and conflict affected situations","#N/A","Fragile situations","#N/A","#N/A","FCS","#N/A","#N/A","F1","FCS","#N/A","#N/A",,"F1"
"FIN","Finland","Finland","Finland","Republic of Finland","Finland","#N/A","FIN","FI","246","FI","FIN","#N/A","#N/A","Europe & Central Asia","FI"
"FJI","Fiji","Fiji","Fiji","Republic of Fiji","Fiji","#N/A","FJI","FJ","242","FJ","FJI","OPI","Pacific Islands","East Asia & Pacific","FJ"
"FRA","France","France","France","French Republic","France","#N/A","FRA","FR","250","FR","FRA","#N/A","#N/A","Europe & Central Asia","FR"
"FRO","Faroe Islands","Faroe Islands","#N/A","Faroe Islands","#N/A","#N/A","FRO","FO","234","FO","FRO","#N/A","#N/A","Europe & Central Asia","FO"
"FSM","Micronesia","Micronesia, Fed. Sts.","Micronesia, Federated States of","Federated States of Micronesia","Micronesia (Federated States of)","#N/A","FSM","FM","954","FM","FSM","OPI","Pacific Islands","East Asia & Pacific","FM"
"GAB","Gabon","Gabon","Gabon","Gabonese Republic","Gabon","GA","GAB","GA","266","GA","GAB","AFM","Middle Africa","Sub-Saharan Africa","GA"
"GBR","United Kingdom","United Kingdom","United Kingdom","United Kingdom of Great Britain and Northern Ireland","United Kingdom","#N/A","GBR","GB","826","GB","GBR","#N/A","#N/A","Europe & Central Asia","GB"
"GEO","Georgia","Georgia","Georgia","Georgia","Georgia","#N/A","GEO","GE","268","GE","GEO","ASW","Western Asia","Europe & Central Asia","GE"
"GHA","Ghana","Ghana","Ghana","Republic of Ghana","Ghana","GH","GHA","GH","288","GH","GHA","AFW","Western Africa","Sub-Saharan Africa","GH"
"GIN","Guinea","Guinea","Guinea","Republic of Guinea","Guinea","GN","GIN","GN","324","GN","GIN","AFW","Western Africa","Sub-Saharan Africa","GN"
"GMB","The Gambia","Gambia, The","Gambia, The","Republic of The Gambia","Gambia","GM","GMB","GM","270","GM","GMB","AFW","Western Africa","Sub-Saharan Africa","GM"
"GNB","Guinea-Bissau","Guinea-Bissau","Guinea-Bissau","Republic of Guinea-Bissau","Guinea-Bissau","#N/A","GNB","GW","624","GW","GNB","AFW","Western Africa","Sub-Saharan Africa","GW"
"GNQ","Equatorial Guinea","Equatorial Guinea","#N/A","Republic of Equatorial Guinea","Equatorial Guinea","#N/A","GNQ","GQ","226","GQ","GNQ","AFM","Middle Africa","Sub-Saharan Africa","GQ"
"GRC","Greece","Greece","Greece","Hellenic Republic","Greece","#N/A","GRC","GR","300","GR","GRC","#N/A","#N/A","Europe & Central Asia","GR"
"GRD","Grenada","Grenada","#N/A","Grenada","Grenada","#N/A","GRD","GD","308","GD","GRD","AMC","Caribbean","Latin America & Caribbean","GD"
"GRL","Greenland","Greenland","#N/A","Greenland"," 
Greenland","#N/A","GRL","GL","304","GL","GRL","#N/A","#N/A","Europe & Central Asia","GL"
"GTM","Guatemala","Guatemala","Guatemala","Republic of Guatemala","Guatemala","#N/A","GTM","GT","320","GT","GTM","AMM","Central America","Latin America & Caribbean","GT"
"GUM","Guam","Guam","#N/A","Guam","Guam","#N/A","GUM","GU","316","GU","GUM","#N/A","#N/A","East Asia & Pacific","GU"
"GUY","Guyana","Guyana","Guyana","Co-operative Republic of Guyana","Guyana","GY","GUY","GY","328","GY","GUY","AMZ","South America","Latin America & Caribbean","GY"
"HIC","High income","High income","#N/A","High income","#N/A","#N/A","HIC","#N/A","#N/A","XD","HIC","#N/A","#N/A",,"XD"
"HKG","Hong Kong SAR, China","Hong Kong SAR, China","#N/A","Hong Kong Special Administrative Region of the People's Republic of China"," 
China, Hong Kong Special Administrative Region","#N/A","HKG","HK","344","HK","HKG","ASF","Eastern Asia","East Asia & Pacific","HK"
"HND","Honduras","Honduras","Honduras","Republic of Honduras","Honduras","HN","HND","HN","340","HN","HND","AMM","Central America","Latin America & Caribbean","HN"
"HPC","Heavily indebted poor countries (HIPC)","Heavily indebted poor countries (HIPC)","#N/A","Heavily indebted poor countries (HIPC)","#N/A","#N/A","HPC","#N/A","#N/A","XE","HPC","#N/A","#N/A",,"XE"
"HRV","Croatia","Croatia","Croatia","Republic of Croatia","Croatia","#N/A","HRV","HR","191","HR","HRV","euz","Southern Europe","Europe & Central Asia","HR"
"HTI","Haiti","Haiti","Haiti","Republic of Haiti","Haiti","HT","HTI","HT","332","HT","HTI","AMC","Caribbean","Latin America & Caribbean","HT"
"HUN","Hungary","Hungary","Hungary","Hungary","Hungary","#N/A","HUN","HU","348","HU","HUN","EUE","Eastern Europe","Europe & Central Asia","HU"
"IDN","Indonesia","Indonesia","Indonesia","Republic of Indonesia","Indonesia","ID","IDN","ID","360","ID","IDN","ASE","South-Eastern Asia","East Asia & Pacific","ID"
"IMY","Isle of Man","Isle of Man","#N/A","Isle of Man","Isle of Man","#N/A","IMY","#N/A","833","IM","IMY","#N/A","#N/A","Europe & Central Asia","IM"
"IND","India","India","India","Republic of India","India","IA","IND","IN","356","IN","IND","ASZ","Southern Asia","South Asia","IN"
"IRL","Ireland","Ireland","Ireland","Ireland","Ireland","#N/A","IRL","IE","372","IE","IRL","#N/A","#N/A","Europe & Central Asia","IE"
"IRN","Iran","Iran, Islamic Rep.","Iran, Islamic Republic of","Islamic Republic of Iran","Iran (Islamic Republic of)","#N/A","IRN","IR","364","IR","IRN","ASZ","Southern Asia","Middle East & North Africa","IR"
"IRQ","Iraq","Iraq","Iraq","Iraq","Iraq","#N/A","IRQ","IQ","368","IQ","IRQ","ASW","Western Asia","Middle East & North Africa","IQ"
"ISL","Iceland","Iceland","Iceland","Republic of Iceland","Iceland","#N/A","ISL","IS","352","IS","ISL","#N/A","#N/A","Europe & Central Asia","IS"
"ISR","Israel","Israel","Israel","State of Israel","Israel","#N/A","ISR","IL","376","IL","ISR","#N/A","#N/A","Middle East & North Africa","IL"
"ITA","Italy","Italy","Italy","Italian Republic","Italy","#N/A","ITA","IT","380","IT","ITA","#N/A","#N/A","Europe & Central Asia","IT"
"JAM","Jamaica","Jamaica","Jamaica","Jamaica","Jamaica","#N/A","JAM","JM","388","JM","JAM","AMC","Caribbean","Latin America & Caribbean","JM"
"JOR","Jordan","Jordan","Jordan","Hashemite Kingdom of Jordan","Jordan","JO","JOR","JO","400","JO","JOR","ASW","Western Asia","Middle East & North Africa","JO"
"JPN","Japan","Japan","Japan","Japan","Japan","#N/A","JPN","JP","392","JP","JPN","#N/A","#N/A","East Asia & Pacific","JP"
"KAZ","Kazakhstan","Kazakhstan","Kazakhstan","Republic of Kazakhstan","Kazakhstan","#N/A","KAZ","KZ","398","KZ","KAZ","ASC","Central Asia","Europe & Central Asia","KZ"
"KEN","Kenya","Kenya","Kenya","Republic of Kenya","Kenya","KE","KEN","KE","404","KE","KEN","AFE","Eastern Africa","Sub-Saharan Africa","KE"
"KGZ","Kyrgyz Republic","Kyrgyz Republic","Kyrgyz Republic","Kyrgyz Republic","Kyrgyzstan","KY","KGZ","KG","417","KG","KGZ","ASC","Central Asia","Europe & Central Asia","KG"
"KHM","Cambodia","Cambodia","#N/A","Kingdom of Cambodia","Cambodia","KH","KHM","KH","116","KH","KHM","ASE","South-Eastern Asia","East Asia & Pacific","KH"
"KIR","Kiribati","Kiribati","Kiribati","Republic of Kiribati","Kiribati","#N/A","KIR","KI","296","KI","KIR","OPI","Pacific Islands","East Asia & Pacific","KI"
"KNA","St. Kitts and Nevis","St. Kitts and Nevis","#N/A","St. Kitts and Nevis","Saint Kitts and Nevis","#N/A","KNA","KN","659","KN","KNA","AMC","Caribbean","Latin America & Caribbean","KN"
"KOR","Korea","Korea, Rep.","Korea, Republic of","Republic of Korea","Republic of Korea","#N/A","KOR","KR","410","KR","KOR","ASF","Eastern Asia","East Asia & Pacific","KR"
"XKX","Kosovo","Kosovo","Kosovo","Republic of Kosovo","#N/A","#N/A","XKX","XK","#N/A",,"KSV","EUZ","Southern Europe","Europe & Central Asia","XK"
"KWT","Kuwait","Kuwait","#N/A","State of Kuwait","Kuwait","#N/A","KWT","KW","414","KW","KWT","ASW","Western Asia","Middle East & North Africa","KW"
"LAC","Latin America & Caribbean (developing only)","Latin America & Caribbean","#N/A","Latin America & Caribbean (developing only)","#N/A","#N/A","LAC","#N/A","#N/A","XJ","LAC","#N/A","#N/A",,"XJ"
"LAO","Lao PDR","Lao PDR","Lao People's Democratic Republic","Lao People's Democratic Republic","Lao People's Democratic Republic","#N/A","LAO","LA","418","LA","LAO","ASE","South-Eastern Asia","East Asia & Pacific","LA"
"LBN","Lebanon","Lebanon","Lebanon","Lebanese Republic","Lebanon","#N/A","LBN","LB","422","LB","LBN","ASW","Western Asia","Middle East & North Africa","LB"
"LBR","Liberia","Liberia","Liberia","Republic of Liberia","Liberia","LB","LBR","LR","430","LR","LBR","AFW","Western Africa","Sub-Saharan Africa","LR"
"LBY","Libya","Libya","#N/A","Socialist People's Libyan Arab Jamahiriya","Libya","#N/A","LBY","LY","434","LY","LBY","AFN","Northern Africa","Middle East & North Africa","LY"
"LCA","St. Lucia","St. Lucia","St. Lucia","St. Lucia","Saint Lucia","#N/A","LCA","LC","662","LC","LCA","AMC","Caribbean","Latin America & Caribbean","LC"
"LCN","Latin America & Caribbean (all income levels)","Latin America & Caribbean (all income levels)","#N/A","Latin America & Caribbean (all income levels)","#N/A","#N/A","LCN","#N/A","#N/A","ZJ","LCN","#N/A","#N/A",,"ZJ"
"LDC","Least developed countries: UN classification","Least developed countries: UN classification","#N/A","Least developed countries: UN classification","#N/A","#N/A","LDC","#N/A","#N/A","XL","LDC","#N/A","#N/A",,"XL"
"LIC","Low income","Low income","#N/A","Low income","#N/A","#N/A","LIC","#N/A","#N/A","XM","LIC","#N/A","#N/A",,"XM"
"LIE","Liechtenstein","Liechtenstein","#N/A","Principality of Liechtenstein","Liechtenstein","#N/A","LIE","LI","438","LI","LIE","#N/A","#N/A","Europe & Central Asia","LI"
"LKA","Sri Lanka","Sri Lanka","Sri Lanka","Democratic Socialist Republic of Sri Lanka","Sri Lanka","#N/A","LKA","LK","144","LK","LKA","ASZ","Southern Asia","South Asia","LK"
"LMC","Lower middle income","Lower middle income","#N/A","Lower middle income","#N/A","#N/A","LMC","#N/A","#N/A","XN","LMC","#N/A","#N/A",,"XN"
"LMY","Low & middle income","Low & middle income","#N/A","Low & middle income","#N/A","#N/A","LMY","#N/A","#N/A","XO","LMY","#N/A","#N/A",,"XO"
"LSO","Lesotho","Lesotho","Lesotho","Kingdom of Lesotho","Lesotho","LS","LSO","LS","426","LS","LSO","AFZ","Southern Africa","Sub-Saharan Africa","LS"
"LTU","Lithuania","Lithuania","Lithuania","Republic of Lithuania","Lithuania","#N/A","LTU","LT","440","LT","LTU","EUN","Northern Europe","Europe & Central Asia","LT"
"LUX","Luxembourg","Luxembourg","Luxembourg","Grand Duchy of Luxembourg","Luxembourg","#N/A","LUX","LU","442","LU","LUX","#N/A","#N/A","Europe & Central Asia","LU"
"LVA","Latvia","Latvia","Latvia","Republic of Latvia","Latvia","#N/A","LVA","LV","428","LV","LVA","EUN","Northern Europe","Europe & Central Asia","LV"
"MAC","Macao SAR, China","Macao SAR, China","#N/A","Macao Special Administrative Region of the People's Republic of China","China, Macao Special Administrative Region","#N/A","MAC","MO","446","MO","MAC","ASE","Eastern Asia","East Asia & Pacific","MO"
"MAF","St. Martin (French part)","St. Martin (French part)","#N/A","St. Martin (French part)","Saint Martin (French part)","#N/A","MAF","MF","#N/A","MF","MAF","AMC","Caribbean","Latin America & Caribbean","MF"
"MAR","Morocco","Morocco","Morocco","Kingdom of Morocco","Morocco","#N/A","MAR","MA","504","MA","MAR","AFN","Northern Africa","Middle East & North Africa","MA"
"MCO","Monaco","Monaco","#N/A","Principality of Monaco","Monaco","#N/A","MCO","MC","492","MC","MCO","#N/A","#N/A","Europe & Central Asia","MC"
"MDA","Moldova","Moldova","Moldova","Republic of Moldova","Republic of Moldova","MB","MDA","MD","498","MD","MDA","EUE","Eastern Europe","Europe & Central Asia","MD"
"MDG","Madagascar","Madagascar","Madagascar","Republic of Madagascar","Madagascar","MD","MDG","MG","450","MG","MDG","AFE","Eastern Africa","Sub-Saharan Africa","MG"
"MDV","Maldives","Maldives","Maldives","Republic of Maldives","Maldives","MV","MDV","MV","462","MV","MDV","ASZ","Southern Asia","South Asia","MV"
"MEA","Middle East & North Africa (all income levels)","Middle East & North Africa (all income levels)","#N/A","Middle East & North Africa (all income levels)","#N/A","#N/A","MEA","#N/A","#N/A","ZQ","MEA","#N/A","#N/A",,"ZQ"
"MEX","Mexico","Mexico","Mexico","United Mexican States","Mexico","#N/A","MEX","MX","484","MX","MEX","AMM","Central America","Latin America & Caribbean","MX"
"MHL","Marshall Islands","Marshall Islands","#N/A","Republic of the Marshall Islands","Marshall Islands","#N/A","MHL","MH","584","MH","MHL","OPI","Pacific Islands","East Asia & Pacific","MH"
"MIC","Middle income","Middle income","#N/A","Middle income","#N/A","#N/A","MIC","#N/A","#N/A","XP","MIC","#N/A","#N/A",,"XP"
"MKD","Macedonia","Macedonia, FYR","Macedonia, former Yugoslav Republic of","Former Yugoslav Republic of Macedonia","The former Yugoslav Republic of Macedonia","#N/A","MKD","MK","807","MK","MKD","EUZ","Southern Europe","Europe & Central Asia","MK"
"MLI","Mali","Mali","Mali","Republic of Mali","Mali","ML","MLI","ML","466","ML","MLI","AFW","Western Africa","Sub-Saharan Africa","ML"
"MLT","Malta","Malta","Malta","Republic of Malta","Malta","#N/A","MLT","MT","470","MT","MLT","#N/A","#N/A","Middle East & North Africa","MT"
"MMR","Myanmar","Myanmar","Myanmar","Republic of the Union of Myanmar","Myanmar","#N/A","MMR","MM","104","MM","MMR","ASE","South-Eastern Asia","East Asia & Pacific","MM"
"MNA","Middle East & North Africa (developing only)","Middle East & North Africa","#N/A","Middle East & North Africa (developing only)","#N/A","#N/A","MNA","#N/A","#N/A","XQ","MNA","#N/A","#N/A",,"XQ"
"MNE","Montenegro","Montenegro","Montenegro","Montenegro","Montenegro","#N/A","MNE","ME","499","ME","MNE","EUZ","Southern Europe","Europe & Central Asia","ME"
"MNG","Mongolia","Mongolia","Mongolia","Mongolia","Mongolia","#N/A","MNG","MN","496","MN","MNG","ASF","Eastern Asia","East Asia & Pacific","MN"
"MNP","Northern Mariana Islands","Northern Mariana Islands","#N/A","Commonwealth of the Northern Mariana Islands"," 
Northern Mariana Islands","#N/A","MNP","MP","580","MP","MNP","OPI","Pacific Islands","East Asia & Pacific","MP"
"MOZ","Mozambique","Mozambique","Mozambique","Republic of Mozambique","Mozambique","MZ","MOZ","MZ","508","MZ","MOZ","AFE","Eastern Africa","Sub-Saharan Africa","MZ"
"MRT","Mauritania","Mauritania","Mauritania","Islamic Republic of Mauritania","Mauritania","#N/A","MRT","MR","478","MR","MRT","AFW","Western Africa","Sub-Saharan Africa","MR"
"MUS","Mauritius","Mauritius","Mauritius","Republic of Mauritius","Mauritius","#N/A","MUS","MU","480","MU","MUS","AFE","Eastern Africa","Sub-Saharan Africa","MU"
"MWI","Malawi","Malawi","Malawi","Republic of Malawi","Malawi","MW","MWI","MW","454","MW","MWI","AFE","Eastern Africa","Sub-Saharan Africa","MW"
"MYS","Malaysia","Malaysia","Malaysia","Malaysia","Malaysia","#N/A","MYS","MY","458","MY","MYS","ASE","South-Eastern Asia","East Asia & Pacific","MY"
"NAC","North America","North America","#N/A","North America","#N/A","#N/A","NAC","#N/A","#N/A","XU","NAC","#N/A","#N/A",,"XU"
"NAM","Namibia","Namibia","Namibia","Republic of Namibia","Namibia","NM","NAM","NA","516","NA","NAM","AFZ","Southern Africa","Sub-Saharan Africa","NA"
"NCL","New Caledonia","New Caledonia","#N/A","New Caledonia","New Caledonia","#N/A","NCL","NC","540","NC","NCL","OPI","Pacific Islands","East Asia & Pacific","NC"
"NER","Niger","Niger","Niger","Republic of Niger","Niger","NI","NER","NE","562","NE","NER","AFW","Western Africa","Sub-Saharan Africa","NE"
"NGA","Nigeria","Nigeria","Nigeria","Federal Republic of Nigeria","Nigeria","NG","NGA","NG","566","NG","NGA","AFW","Western Africa","Sub-Saharan Africa","NG"
"NIC","Nicaragua","Nicaragua","Nicaragua","Republic of Nicaragua","Nicaragua","#N/A","NIC","NI","558","NI","NIC","AMM","Central America","Latin America & Caribbean","NI"
"NLD","Netherlands","Netherlands","Netherlands","Kingdom of the Netherlands","Netherlands","#N/A","NLD","NL","528","NL","NLD","#N/A","#N/A","Europe & Central Asia","NL"
"NOC","High income: nonOECD","High income: nonOECD","#N/A","High income: nonOECD","#N/A","#N/A","NOC","#N/A","#N/A","XR","NOC","#N/A","#N/A",,"XR"
"NOR","Norway","Norway","Norway","Kingdom of Norway","Norway","#N/A","NOR","NO","578","NO","NOR","#N/A","#N/A","Europe & Central Asia","NO"
"NPL","Nepal","Nepal","Nepal","Nepal","Nepal","NP","NPL","NP","524","NP","NPL","ASZ","Southern Asia","South Asia","NP"
"NZL","New Zealand","New Zealand","#N/A","New Zealand","New Zealand","#N/A","NZL","NZ","554","NZ","NZL","#N/A","#N/A","East Asia & Pacific","NZ"
"OEC","High income: OECD","High income: OECD","#N/A","High income: OECD","#N/A","#N/A","OEC","#N/A","#N/A","XS","OEC","#N/A","#N/A",,"XS"
"OED","OECD members","OECD members","#N/A","OECD members","#N/A","#N/A","OED","#N/A","#N/A","OE","OED","#N/A","#N/A",,"OE"
"OMN","Oman","Oman","#N/A","Sultanate of Oman","Oman","#N/A","OMN","OM","512","OM","OMN","ASW","Western Asia","Middle East & North Africa","OM"
"OSS","Other small states","Other small states","#N/A","Other small states","#N/A","#N/A","OSS","#N/A","#N/A","S4","OSS","#N/A","#N/A",,"S4"
"PAK","Pakistan","Pakistan","Pakistan","Islamic Republic of Pakistan","Pakistan","PK","PAK","PK","586","PK","PAK","ASZ","Southern Asia","South Asia","PK"
"PAN","Panama","Panama","Panama","Republic of Panama","Panama","#N/A","PAN","PA","591","PA","PAN","AMM","Central America","Latin America & Caribbean","PA"
"PER","Peru","Peru","Peru","Republic of Peru","Peru","PE","PER","PE","604","PE","PER","AMZ","South America","Latin America & Caribbean","PE"
"PHL","Philippines","Philippines","Philippines","Republic of the Philippines","Philippines","PH","PHL","PH","608","PH","PHL","ASE","South-Eastern Asia","East Asia & Pacific","PH"
"PLW","Palau","Palau","#N/A","Republic of Palau","Palau","#N/A","PLW","PW","585","PW","PLW","OPI","Pacific Islands","East Asia & Pacific","PW"
"PNG","Papua New Guinea","Papua New Guinea","Papua New Guinea","The Independent State of Papua New Guinea","Papua New Guinea","#N/A","PNG","PG","598","PG","PNG","OPI","Pacific Islands","East Asia & Pacific","PG"
"POL","Poland","Poland","Poland","Republic of Poland","Poland","#N/A","POL","PL","616","PL","POL","EUE","Eastern Europe","Europe & Central Asia","PL"
"PRI","Puerto Rico","Puerto Rico","#N/A","Puerto Rico"," 
Puerto Rico","#N/A","PRI","PR","630","PR","PRI","AMC","Caribbean","Latin America & Caribbean","PR"
"PRK","Dem. People's Rep. Korea","Korea, Dem. People's Rep.","#N/A","Democratic People's Republic of Korea","Democratic People's Republic of Korea","#N/A","PRK","KP","408","KP","PRK","ASF","East Asia","East Asia & Pacific","KP"
"PRT","Portugal","Portugal","Portugal","Portuguese Republic","Portugal","#N/A","PRT","PT","620","PT","PRT","#N/A","#N/A","Europe & Central Asia","PT"
"PRY","Paraguay","Paraguay","Paraguay","Republic of Paraguay","Paraguay","#N/A","PRY","PY","600","PY","PRY","AMZ","South America","Latin America & Caribbean","PY"
"PSS","Pacific island small states","Pacific island small states","#N/A","Pacific island small states","#N/A","#N/A","PSS","#N/A","#N/A","S2","PSS","#N/A","#N/A",,"S2"
"PYF","French Polynesia","French Polynesia","#N/A","French Polynesia"," 
French Polynesia","#N/A","PYF","PF","#N/A","PF","PYF","OPI","Pacific Islands","East Asia & Pacific","PF"
"QAT","Qatar","Qatar","#N/A","State of Qatar","Qatar","#N/A","QAT","QA","634","QA","QAT","ASW","Western Asia","Middle East & North Africa","QA"
"ROM","Romania","Romania","Romania","Romania","Romania","#N/A","ROU","RO","642","RO","ROM","EUE","Eastern Europe","Europe & Central Asia","RO"
"RUS","Russia","Russian Federation","Russian Federation","Russian Federation","Russian Federation","#N/A","RUS","RU","643","RU","RUS","EUE","Eastern Europe","Europe & Central Asia","RU"
"RWA","Rwanda","Rwanda","Rwanda","Republic of Rwanda","Rwanda","RW","RWA","RW","646","RW","RWA","AFE","Eastern Africa","Sub-Saharan Africa","RW"
"SAS","South Asia","South Asia","#N/A","South Asia","#N/A","#N/A","SAS","#N/A","#N/A","8S","SAS","#N/A","#N/A",,"8S"
"SAU","Saudi Arabia","Saudi Arabia","#N/A","Kingdom of Saudi Arabia","Saudi Arabia","#N/A","SAU","SA","682","SA","SAU","ASW","Western Asia","Middle East & North Africa","SA"
"SDN","Sudan","Sudan","Sudan","Republic of the Sudan","Sudan","#N/A","SDN","SD","729","SD","SDN","AFN","Northern Africa","Sub-Saharan Africa","SD"
"SEN","Senegal","Senegal","Senegal","Republic of Senegal","Senegal","SN","SEN","SN","686","SN","SEN","AFW","Western Africa","Sub-Saharan Africa","SN"
"SGP","Singapore","Singapore","#N/A","Republic of Singapore","Singapore","#N/A","SGP","SG","702","SG","SGP","#N/A","#N/A","East Asia & Pacific","SG"
"SLB","Solomon Islands","Solomon Islands","Solomon Islands","Solomon Islands","Solomon Islands","#N/A","SLB","SB","90","SB","SLB","OPI","Pacific Islands","East Asia & Pacific","SB"
"SLE","Sierra Leone","Sierra Leone","Sierra Leone","Republic of Sierra Leone","Sierra Leone","SL","SLE","SL","694","SL","SLE","AFW","Western Africa","Sub-Saharan Africa","SL"
"SLV","El Salvador","El Salvador","El Salvador","Republic of El Salvador","El Salvador","#N/A","SLV","SV","222","SV","SLV","AMM","Central America","Latin America & Caribbean","SV"
"SMR","San Marino","San Marino","#N/A","Republic of San Marino","San Marino","#N/A","SMR","SM","674","SM","SMR","#N/A","#N/A","Europe & Central Asia","SM"
"SOM","Somalia","Somalia","#N/A","Somali Democratic Republic","Somalia","#N/A","SOM","SO","706","SO","SOM","AFE","Eastern Africa","Sub-Saharan Africa","SO"
"SRB","Serbia","Serbia","Serbia","Republic of Serbia","Serbia","#N/A","SRB","RS","688","RS","SRB","EUZ","Southern Europe","Europe & Central Asia","YF"
"SSA","Sub-Saharan Africa (developing only)","Sub-Saharan Africa","#N/A","Sub-Saharan Africa (developing only)","#N/A","#N/A","SSA","#N/A","#N/A","ZF","SSA","#N/A","#N/A",,"ZF"
"SSD","South Sudan","South Sudan","South Sudan","Republic of South Sudan","South Sudan","#N/A","SSD","SS","728","SS","SSD","AFE","Eastern Africa","Sub-Saharan Africa","SS"
"SSF","Sub-Saharan Africa (all income levels)","Sub-Saharan Africa (all income levels)","#N/A","Sub-Saharan Africa (all income levels)","#N/A","#N/A","SSF","#N/A","#N/A","ZG","SSF","#N/A","#N/A",,"ZG"
"SST","Small states","Small states","#N/A","Small states","#N/A","#N/A","SST","#N/A","#N/A","S1","SST","#N/A","#N/A",,"S1"
"STP","São Tomé and Principe","São Tomé and Principe","Sao Tome and Principe","Democratic Republic of São Tomé and Principe","Sao Tome and Principe","ST","STP","ST","678","ST","STP","AFM","Middle Africa","Sub-Saharan Africa","ST"
"SUR","Suriname","Suriname","Suriname","Republic of Suriname","Suriname","#N/A","SUR","SR","740","SR","SUR","AMZ","South America","Latin America & Caribbean","SR"
"SVK","Slovak Republic","Slovak Republic","Slovak Republic","Slovak Republic","Slovakia","#N/A","SVK","SK","703","SK","SVK","EUE","Eastern Europe","Europe & Central Asia","SK"
"SVN","Slovenia","Slovenia","Slovenia","Republic of Slovenia","Slovenia","#N/A","SVN","SI","705","SI","SVN","EUZ","Southern Europe","Europe & Central Asia","SI"
"SWE","Sweden","Sweden","Sweden","Kingdom of Sweden","Sweden","#N/A","SWE","SE","752","SE","SWE","#N/A","#N/A","Europe & Central Asia","SE"
"SWZ","Eswatini","Eswatini","Eswatini","Kingdom of Eswatini","Eswatini","SZ","SWZ","SZ","748","SZ","SWZ","AFZ","Southern Africa","Sub-Saharan Africa","SZ"
"SXM","Sint Maarten (Dutch part)","Sint Maarten (Dutch part)","#N/A","Sint Maarten (Dutch part)"," Sint Maarten (Dutch part)","#N/A","SXM","SX","534","SX","SXM","AMC","Caribbean","Latin America & Caribbean","SX"
"SYC","Seychelles","Seychelles","Seychelles","Republic of Seychelles","Seychelles","#N/A","SYC","SC","690","SC","SYC","EUE","Eastern Africa","Sub-Saharan Africa","SC"
"SYR","Syrian Arab Republic","Syrian Arab Republic","Syrian Arab Republic","Syrian Arab Republic","Syrian Arab Republic","#N/A","SYR","SY","760","SY","SYR","ASW","Western Asia","Middle East & North Africa","SY"
"TCA","Turks and Caicos Islands","Turks and Caicos Islands","#N/A","Turks and Caicos Islands"," 
Turks and Caicos Islands","#N/A","TCA","TC","796","TC","TCA","AMC","Caribbean","Latin America & Caribbean","TC"
"TCD","Chad","Chad","Chad","Republic of Chad","Chad","TD","TCD","TD","148","TD","TCD","AFM","Middle Africa","Sub-Saharan Africa","TD"
"TGO","Togo","Togo","Togo","Republic of Togo","Togo","TG","TGO","TG","768","TG","TGO","AFW","Western Africa","Sub-Saharan Africa","TG"
"THA","Thailand","Thailand","Thailand","Kingdom of Thailand","Thailand","#N/A","THA","TH","764","TH","THA","ASE","South-Eastern Asia","East Asia & Pacific","TH"
"TJK","Tajikistan","Tajikistan","Tajikistan","Republic of Tajikistan","Tajikistan","TJ","TJK","TJ","762","TJ","TJK","ASC","Central Asia","Europe & Central Asia","TJ"
"TKM","Turkmenistan","Turkmenistan","Turkmenistan","Turkmenistan","Turkmenistan","#N/A","TKM","TM","795","TM","TKM","ASC","Central Asia","Europe & Central Asia","TM"
"TMP","Timor-Leste","Timor-Leste","Timor-Leste","Democratic Republic of Timor-Leste","Timor-Leste","TL","TLS","TL","626","TL","TMP","ASE","South-Eastern Asia","East Asia & Pacific","TP"
"TON","Tonga","Tonga","Tonga","Kingdom of Tonga","Tonga","#N/A","TON","TO","776","TO","TON","OPI","Pacific Islands","East Asia & Pacific","TO"
"TTO","Trinidad and Tobago","Trinidad and Tobago","Trinidad and Tobago","Republic of Trinidad and Tobago","Trinidad and Tobago","#N/A","TTO","TT","780","TT","TTO","AMC","Caribbean","Latin America & Caribbean","TT"
"TUN","Tunisia","Tunisia","Tunisia","Republic of Tunisia","Tunisia","#N/A","TUN","TN","788","TN","TUN","AFN","Northern Africa","Middle East & North Africa","TN"
"TUR","Turkey","Turkey","Turkey","Republic of Turkey","Turkey","#N/A","TUR","TR","792","TR","TUR","ASW","Western Asia","Europe & Central Asia","TR"
"TUV","Tuvalu","Tuvalu","Tuvalu","Tuvalu","Tuvalu","#N/A","TUV","TV","798","TV","TUV","OPI","Pacific Islands","East Asia & Pacific","TV"
"TZA","Tanzania","Tanzania","Tanzania","United Republic of Tanzania","United Republic of Tanzania","TZ","TZA","TZ","834","TZ","TZA","AFE","Eastern Africa","Sub-Saharan Africa","TZ"
"UGA","Uganda","Uganda","Uganda","Republic of Uganda","Uganda","UG","UGA","UG","800","UG","UGA","AFE","Eastern Africa","Sub-Saharan Africa","UG"
"UKR","Ukraine","Ukraine","Ukraine","Ukraine","Ukraine","UA","UKR","UA","804","UA","UKR","EUE","Eastern Europe","Europe & Central Asia","UA"
"UMC","Upper middle income","Upper middle income","#N/A","Upper middle income","#N/A","#N/A","UMC","#N/A","#N/A","XT","UMC","#N/A","#N/A",,"XT"
"URY","Uruguay","Uruguay","Uruguay","Oriental Republic of Uruguay","Uruguay","#N/A","URY","UY","858","UY","URY","AMZ","South America","Latin America & Caribbean","UY"
"USA","United States","United States","United States","United States of America","United States","#N/A","USA","US","840","US","USA","AMN","Northern America","North America","US"
"UZB","Uzbekistan","Uzbekistan","Uzbekistan","Republic of Uzbekistan","Uzbekistan","#N/A","UZB","UZ","860","UZ","UZB","ASC","Central Asia","Europe & Central Asia","UZ"
"VCT","St. Vincent and the Grenadines","St. Vincent and the Grenadines","#N/A","St. Vincent and the Grenadines","Saint Vincent and the Grenadines","#N/A","VCT","VC","670","VC","VCT","AMC","Caribbean","Latin America & Caribbean","VC"
"VEN","Venezuela","Venezuela, RB","Venezuela, Republica Bolivariana de","República Bolivariana de Venezuela","Venezuela (Bolivarian Republic of)","#N/A","VEN","VE","862","VE","VEN","AMZ","South America","Latin America & Caribbean","VE"
"VIR","Virgin Islands","Virgin Islands (U.S.)","#N/A","Virgin Islands of the United States"," United States Virgin Islands","#N/A","VIR","VI","92","VI","VIR","AMC","Caribbean","Latin America & Caribbean","VI"
"VNM","Vietnam","Vietnam","Vietnam","Socialist Republic of Vietnam","Viet Nam","VN","VNM","VN","704","VN","VNM","ASE","South-Eastern Asia","East Asia & Pacific","VN"
"VUT","Vanuatu","Vanuatu","Vanuatu","Republic of Vanuatu","Vanuatu","#N/A","VUT","VU","548","VU","VUT","OPI","Pacific Islands","East Asia & Pacific","VU"
"PSE","West Bank and Gaza","West Bank and Gaza","West Bank and Gaza","West Bank and Gaza","State of Palestine","#N/A","PSE","PS","275","PS","PSE","ASW","Western Asia","Middle East & North Africa","GZ"
"WLD","World","World","#N/A","World","#N/A","#N/A","WLD","#N/A","900","1W","WLD","#N/A","#N/A",,"1W"
"WSM","Samoa","Samoa","Samoa","Samoa","Samoa","#N/A","WSM","WS","882","WS","WSM","OPI","Pacific Islands","East Asia & Pacific","WS"
"YEM","Yemen","Yemen, Rep.","Yemen, Republic of","Republic of Yemen","Yemen","YE","YEM","YE","887","YE","YEM","ASW","Western Asia","Middle East & North Africa","RY"
"ZAF","South Africa","South Africa","South Africa","Republic of South Africa","South Africa","#N/A","ZAF","ZA","710","ZA","ZAF","AFZ","Southern Africa","Sub-Saharan Africa","ZA"
"COD","Dem. Rep. Congo","Congo, Dem. Rep.","Congo, Democratic Republic of","Democratic Republic of the Congo","Democratic Republic of the Congo","CD","COD","CD","180","CD","COD","AFM","Middle Africa","Sub-Saharan Africa","ZR"
"ZMB","Zambia","Zambia","Zambia","Republic of Zambia","Zambia","ZM","ZMB","ZM","894","ZM","ZMB","AFE","Eastern Africa","Sub-Saharan Africa","ZM"
"ZWE","Zimbabwe","Zimbabwe","Zimbabwe","Republic of Zimbabwe","Zimbabwe","ZW","ZWE","ZW","716","ZW","ZWE","AFE","Eastern Africa","Sub-Saharan Africa","ZW"
