"di_id","Year","P20population"
"AL",1981,3119
"AL",1982,
"AL",1983,
"AL",1984,9104
"AL",1985,
"AL",1986,
"AL",1987,14324
"AL",1988,
"AL",1989,
"AL",1990,13406
"AL",1991,
"AL",1992,
"AL",1993,14992
"AL",1994,
"AL",1995,
"AL",1996,12923
"AL",1997,
"AL",1998,
"AL",1999,60445
"AL",2000,
"AL",2001,
"AL",2002,30386
"AL",2003,
"AL",2004,
"AL",2005,32570
"AL",2006,
"AL",2007,
"AL",2008,13805
"AL",2009,
"AL",2010,36331
"AL",2011,50926
"AL",2012,72247
"AL",2013,87135
"AL",2014,
"AL",2015,95641
"AL",2016,
"AL",2017,
"DZ",1981,0
"DZ",1982,
"DZ",1983,
"DZ",1984,0
"DZ",1985,
"DZ",1986,
"DZ",1987,0
"DZ",1988,
"DZ",1989,
"DZ",1990,47502
"DZ",1991,
"DZ",1992,
"DZ",1993,341835
"DZ",1994,
"DZ",1995,
"DZ",1996,820591
"DZ",1997,
"DZ",1998,
"DZ",1999,839680
"DZ",2000,
"DZ",2001,
"DZ",2002,682003
"DZ",2003,
"DZ",2004,
"DZ",2005,645056
"DZ",2006,
"DZ",2007,
"DZ",2008,468870
"DZ",2009,
"DZ",2010,363592
"DZ",2011,347869
"DZ",2012,349380
"DZ",2013,406806
"DZ",2014,
"DZ",2015,458940
"DZ",2016,
"DZ",2017,
"AO",1981,1122759
"AO",1982,
"AO",1983,
"AO",1984,1558289
"AO",1985,
"AO",1986,
"AO",1987,1793853
"AO",1988,
"AO",1989,
"AO",1990,1980280
"AO",1991,
"AO",1992,
"AO",1993,3967285
"AO",1994,
"AO",1995,
"AO",1996,4134017
"AO",1997,
"AO",1998,
"AO",1999,4088359
"AO",2000,
"AO",2001,
"AO",2002,6325744
"AO",2003,
"AO",2004,
"AO",2005,7825129
"AO",2006,
"AO",2007,
"AO",2008,6894818
"AO",2009,
"AO",2010,8434169
"AO",2011,9563616
"AO",2012,10076654
"AO",2013,10781665
"AO",2014,
"AO",2015,12335136
"AO",2016,
"AO",2017,
"AM",1981,32910
"AM",1982,
"AM",1983,
"AM",1984,53380
"AM",1985,
"AM",1986,
"AM",1987,93429
"AM",1988,
"AM",1989,
"AM",1990,118922
"AM",1991,
"AM",1992,
"AM",1993,495479
"AM",1994,
"AM",1995,
"AM",1996,339358
"AM",1997,
"AM",1998,
"AM",1999,288035
"AM",2000,
"AM",2001,
"AM",2002,272139
"AM",2003,
"AM",2004,
"AM",2005,121657
"AM",2006,
"AM",2007,
"AM",2008,47878
"AM",2009,
"AM",2010,109661
"AM",2011,143461
"AM",2012,160435
"AM",2013,207597
"AM",2014,
"AM",2015,226406
"AM",2016,
"AM",2017,
"AU",1981,74031
"AU",1982,
"AU",1983,
"AU",1984,104371
"AU",1985,
"AU",1986,
"AU",1987,99875
"AU",1988,
"AU",1989,
"AU",1990,92178
"AU",1991,
"AU",1992,
"AU",1993,117650
"AU",1994,
"AU",1995,
"AU",1996,137220
"AU",1997,
"AU",1998,
"AU",1999,141605
"AU",2000,
"AU",2001,
"AU",2002,171433
"AU",2003,
"AU",2004,
"AU",2005,162771
"AU",2006,
"AU",2007,
"AU",2008,106087
"AU",2009,
"AU",2010,109726
"AU",2011,111261
"AU",2012,113195
"AU",2013,115133
"AU",2014,
"AU",2015,118479
"AU",2016,
"AU",2017,
"AT",1981,17381
"AT",1982,
"AT",1983,
"AT",1984,17365
"AT",1985,
"AT",1986,
"AT",1987,17395
"AT",1988,
"AT",1989,
"AT",1990,17632
"AT",1991,
"AT",1992,
"AT",1993,18155
"AT",1994,
"AT",1995,
"AT",1996,18278
"AT",1997,
"AT",1998,
"AT",1999,18354
"AT",2000,
"AT",2001,
"AT",2002,18560
"AT",2003,
"AT",2004,
"AT",2005,19506
"AT",2006,
"AT",2007,
"AT",2008,41022
"AT",2009,
"AT",2010,41421
"AT",2011,41472
"AT",2012,63011
"AT",2013,40215
"AT",2014,
"AT",2015,64574
"AT",2016,
"AT",2017,
"AZ",1981,12645
"AZ",1982,
"AZ",1983,
"AZ",1984,19721
"AZ",1985,
"AZ",1986,
"AZ",1987,23154
"AZ",1988,
"AZ",1989,
"AZ",1990,31416
"AZ",1991,
"AZ",1992,
"AZ",1993,104388
"AZ",1994,
"AZ",1995,
"AZ",1996,291015
"AZ",1997,
"AZ",1998,
"AZ",1999,161468
"AZ",2000,
"AZ",2001,
"AZ",2002,0
"AZ",2003,
"AZ",2004,
"AZ",2005,0
"AZ",2006,
"AZ",2007,
"AZ",2008,0
"AZ",2009,
"AZ",2010,0
"AZ",2011,0
"AZ",2012,0
"AZ",2013,0
"AZ",2014,
"AZ",2015,0
"AZ",2016,
"AZ",2017,
"BD",1981,2131277
"BD",1982,
"BD",1983,
"BD",1984,4414086
"BD",1985,
"BD",1986,
"BD",1987,9251277
"BD",1988,
"BD",1989,
"BD",1990,14059461
"BD",1991,
"BD",1992,
"BD",1993,16573363
"BD",1994,
"BD",1995,
"BD",1996,23907692
"BD",1997,
"BD",1998,
"BD",1999,27593012
"BD",2000,
"BD",2001,
"BD",2002,31515823
"BD",2003,
"BD",2004,
"BD",2005,34811115
"BD",2006,
"BD",2007,
"BD",2008,37119566
"BD",2009,
"BD",2010,42534499
"BD",2011,49039938
"BD",2012,52048108
"BD",2013,58434022
"BD",2014,
"BD",2015,63371389
"BD",2016,
"BD",2017,
"BY",1981,0
"BY",1982,
"BY",1983,
"BY",1984,0
"BY",1985,
"BY",1986,
"BY",1987,0
"BY",1988,
"BY",1989,
"BY",1990,1641
"BY",1991,
"BY",1992,
"BY",1993,2103
"BY",1994,
"BY",1995,
"BY",1996,43377
"BY",1997,
"BY",1998,
"BY",1999,575457
"BY",2000,
"BY",2001,
"BY",2002,138756
"BY",2003,
"BY",2004,
"BY",2005,35955
"BY",2006,
"BY",2007,
"BY",2008,0
"BY",2009,
"BY",2010,0
"BY",2011,0
"BY",2012,1141
"BY",2013,0
"BY",2014,
"BY",2015,0
"BY",2016,
"BY",2017,
"BE",1981,23212
"BE",1982,
"BE",1983,
"BE",1984,23204
"BE",1985,
"BE",1986,
"BE",1987,23239
"BE",1988,
"BE",1989,
"BE",1990,23467
"BE",1991,
"BE",1992,
"BE",1993,23743
"BE",1994,
"BE",1995,
"BE",1996,23913
"BE",1997,
"BE",1998,
"BE",1999,24077
"BE",2000,
"BE",2001,
"BE",2002,24328
"BE",2003,
"BE",2004,
"BE",2005,24242
"BE",2006,
"BE",2007,
"BE",2008,0
"BE",2009,
"BE",2010,23616
"BE",2011,26156
"BE",2012,27066
"BE",2013,27661
"BE",2014,
"BE",2015,27319
"BE",2016,
"BE",2017,
"BZ",1981,10260
"BZ",1982,
"BZ",1983,
"BZ",1984,16133
"BZ",1985,
"BZ",1986,
"BZ",1987,19502
"BZ",1988,
"BZ",1989,
"BZ",1990,16792
"BZ",1991,
"BZ",1992,
"BZ",1993,14750
"BZ",1994,
"BZ",1995,
"BZ",1996,20167
"BZ",1997,
"BZ",1998,
"BZ",1999,27907
"BZ",2000,
"BZ",2001,
"BZ",2002,26711
"BZ",2003,
"BZ",2004,
"BZ",2005,39223
"BZ",2006,
"BZ",2007,
"BZ",2008,52857
"BZ",2009,
"BZ",2010,56761
"BZ",2011,60124
"BZ",2012,62252
"BZ",2013,67855
"BZ",2014,
"BZ",2015,74076
"BZ",2016,
"BZ",2017,
"BJ",1981,727718
"BJ",1982,
"BJ",1983,
"BJ",1984,1262480
"BJ",1985,
"BJ",1986,
"BJ",1987,1681795
"BJ",1988,
"BJ",1989,
"BJ",1990,1831705
"BJ",1991,
"BJ",1992,
"BJ",1993,2091352
"BJ",1994,
"BJ",1995,
"BJ",1996,2620118
"BJ",1997,
"BJ",1998,
"BJ",1999,2683936
"BJ",2000,
"BJ",2001,
"BJ",2002,2935594
"BJ",2003,
"BJ",2004,
"BJ",2005,3919126
"BJ",2006,
"BJ",2007,
"BJ",2008,4582073
"BJ",2009,
"BJ",2010,5432920
"BJ",2011,5966604
"BJ",2012,6254026
"BJ",2013,6613485
"BJ",2014,
"BJ",2015,7140655
"BJ",2016,
"BJ",2017,
"BT",1981,198330
"BT",1982,
"BT",1983,
"BT",1984,230926
"BT",1985,
"BT",1986,
"BT",1987,195441
"BT",1988,
"BT",1989,
"BT",1990,158034
"BT",1991,
"BT",1992,
"BT",1993,139272
"BT",1994,
"BT",1995,
"BT",1996,121214
"BT",1997,
"BT",1998,
"BT",1999,103244
"BT",2000,
"BT",2001,
"BT",2002,102751
"BT",2003,
"BT",2004,
"BT",2005,61878
"BT",2006,
"BT",2007,
"BT",2008,80325
"BT",2009,
"BT",2010,50212
"BT",2011,43961
"BT",2012,42122
"BT",2013,41334
"BT",2014,
"BT",2015,52645
"BT",2016,
"BT",2017,
"BO",1981,0
"BO",1982,
"BO",1983,
"BO",1984,20517
"BO",1985,
"BO",1986,
"BO",1987,39540
"BO",1988,
"BO",1989,
"BO",1990,36897
"BO",1991,
"BO",1992,
"BO",1993,456010
"BO",1994,
"BO",1995,
"BO",1996,1090868
"BO",1997,
"BO",1998,
"BO",1999,1827661
"BO",2000,
"BO",2001,
"BO",2002,1856833
"BO",2003,
"BO",2004,
"BO",2005,1725572
"BO",2006,
"BO",2007,
"BO",2008,1111891
"BO",2009,
"BO",2010,991683
"BO",2011,900529
"BO",2012,1045294
"BO",2013,966472
"BO",2014,
"BO",2015,996476
"BO",2016,
"BO",2017,
"BW",1981,308100
"BW",1982,
"BW",1983,
"BW",1984,318272
"BW",1985,
"BW",1986,
"BW",1987,339726
"BW",1988,
"BW",1989,
"BW",1990,287061
"BW",1991,
"BW",1992,
"BW",1993,342592
"BW",1994,
"BW",1995,
"BW",1996,398597
"BW",1997,
"BW",1998,
"BW",1999,383949
"BW",2000,
"BW",2001,
"BW",2002,461257
"BW",2003,
"BW",2004,
"BW",2005,458726
"BW",2006,
"BW",2007,
"BW",2008,362680
"BW",2009,
"BW",2010,413255
"BW",2011,432124
"BW",2012,447815
"BW",2013,440674
"BW",2014,
"BW",2015,494391
"BW",2016,
"BW",2017,
"BR",1981,10313589
"BR",1982,
"BR",1983,
"BR",1984,17972820
"BR",1985,
"BR",1986,
"BR",1987,14680025
"BR",1988,
"BR",1989,
"BR",1990,19545312
"BR",1991,
"BR",1992,
"BR",1993,20156368
"BR",1994,
"BR",1995,
"BR",1996,17349770
"BR",1997,
"BR",1998,
"BR",1999,16531190
"BR",2000,
"BR",2001,
"BR",2002,14690896
"BR",2003,
"BR",2004,
"BR",2005,15612116
"BR",2006,
"BR",2007,
"BR",2008,11935245
"BR",2009,
"BR",2010,11752437
"BR",2011,12310478
"BR",2012,10572097
"BR",2013,11644856
"BR",2014,
"BR",2015,12134554
"BR",2016,
"BR",2017,
"BG",1981,3209
"BG",1982,
"BG",1983,
"BG",1984,3331
"BG",1985,
"BG",1986,
"BG",1987,3386
"BG",1988,
"BG",1989,
"BG",1990,4760
"BG",1991,
"BG",1992,
"BG",1993,11891
"BG",1994,
"BG",1995,
"BG",1996,30467
"BG",1997,
"BG",1998,
"BG",1999,113093
"BG",2000,
"BG",2001,
"BG",2002,62818
"BG",2003,
"BG",2004,
"BG",2005,47128
"BG",2006,
"BG",2007,
"BG",2007,
"BG",2007,
"BG",2007,
"BG",2007,
"BG",2007,
"BG",2007,
"BG",2007,
"BG",2008,91068
"BG",2009,
"BG",2010,165747
"BG",2011,218267
"BG",2012,200173
"BG",2013,233733
"BG",2014,
"BG",2015,195300
"BG",2016,
"BG",2017,
"BF",1981,4683239
"BF",1982,
"BF",1983,
"BF",1984,5535968
"BF",1985,
"BF",1986,
"BF",1987,6023381
"BF",1988,
"BF",1989,
"BF",1990,6520391
"BF",1991,
"BF",1992,
"BF",1993,7051377
"BF",1994,
"BF",1995,
"BF",1996,7857418
"BF",1997,
"BF",1998,
"BF",1999,7522583
"BF",2000,
"BF",2001,
"BF",2002,7144227
"BF",2003,
"BF",2004,
"BF",2005,7435936
"BF",2006,
"BF",2007,
"BF",2008,8438269
"BF",2009,
"BF",2010,9543188
"BF",2011,10114471
"BF",2012,10408409
"BF",2013,11047088
"BF",2014,
"BF",2015,12116127
"BF",2016,
"BF",2017,
"BI",1981,2060783
"BI",1982,
"BI",1983,
"BI",1984,2911701
"BI",1985,
"BI",1986,
"BI",1987,3126249
"BI",1988,
"BI",1989,
"BI",1990,3312956
"BI",1991,
"BI",1992,
"BI",1993,3726744
"BI",1994,
"BI",1995,
"BI",1996,4541011
"BI",1997,
"BI",1998,
"BI",1999,4748076
"BI",2000,
"BI",2001,
"BI",2002,5040575
"BI",2003,
"BI",2004,
"BI",2005,5843050
"BI",2006,
"BI",2007,
"BI",2008,6381581
"BI",2009,
"BI",2010,7020102
"BI",2011,7388135
"BI",2012,7668163
"BI",2013,7988227
"BI",2014,
"BI",2015,8841954
"BI",2016,
"BI",2017,
"CV",1981,109156
"CV",1982,
"CV",1983,
"CV",1984,125486
"CV",1985,
"CV",1986,
"CV",1987,130718
"CV",1988,
"CV",1989,
"CV",1990,124883
"CV",1991,
"CV",1992,
"CV",1993,119504
"CV",1994,
"CV",1995,
"CV",1996,91204
"CV",1997,
"CV",1998,
"CV",1999,59097
"CV",2000,
"CV",2001,
"CV",2002,50394
"CV",2003,
"CV",2004,
"CV",2005,52452
"CV",2006,
"CV",2007,
"CV",2008,42183
"CV",2009,
"CV",2010,53889
"CV",2011,58571
"CV",2012,66307
"CV",2013,77890
"CV",2014,
"CV",2015,92780
"CV",2016,
"CV",2017,
"CM",1981,367706
"CM",1982,
"CM",1983,
"CM",1984,484443
"CM",1985,
"CM",1986,
"CM",1987,711482
"CM",1988,
"CM",1989,
"CM",1990,1578599
"CM",1991,
"CM",1992,
"CM",1993,3597245
"CM",1994,
"CM",1995,
"CM",1996,4594108
"CM",1997,
"CM",1998,
"CM",1999,2724731
"CM",2000,
"CM",2001,
"CM",2002,2815756
"CM",2003,
"CM",2004,
"CM",2005,4533281
"CM",2006,
"CM",2007,
"CM",2008,5961555
"CM",2009,
"CM",2010,7166206
"CM",2011,7709899
"CM",2012,7895285
"CM",2013,8141133
"CM",2014,
"CM",2015,8249197
"CM",2016,
"CM",2017,
"CA",1981,123186
"CA",1982,
"CA",1983,
"CA",1984,63577
"CA",1985,
"CA",1986,
"CA",1987,0
"CA",1988,
"CA",1989,
"CA",1990,45349
"CA",1991,
"CA",1992,
"CA",1993,68610
"CA",1994,
"CA",1995,
"CA",1996,72246
"CA",1997,
"CA",1998,
"CA",1999,75784
"CA",2000,
"CA",2001,
"CA",2002,77365
"CA",2003,
"CA",2004,
"CA",2005,79204
"CA",2006,
"CA",2007,
"CA",2008,82598
"CA",2009,
"CA",2010,84616
"CA",2011,113947
"CA",2012,144130
"CA",2013,174976
"CA",2014,
"CA",2015,178426
"CA",2016,
"CA",2017,
"CF",1981,1459925
"CF",1982,
"CF",1983,
"CF",1984,1727719
"CF",1985,
"CF",1986,
"CF",1987,1967627
"CF",1988,
"CF",1989,
"CF",1990,2133662
"CF",1991,
"CF",1992,
"CF",1993,2411218
"CF",1994,
"CF",1995,
"CF",1996,2449039
"CF",1997,
"CF",1998,
"CF",1999,2274026
"CF",2000,
"CF",2001,
"CF",2002,2247199
"CF",2003,
"CF",2004,
"CF",2005,2666802
"CF",2006,
"CF",2007,
"CF",2008,2965225
"CF",2009,
"CF",2010,3099112
"CF",2011,3182852
"CF",2012,3182334
"CF",2013,3870053
"CF",2014,
"CF",2015,3928917
"CF",2016,
"CF",2017,
"TD",1981,2276140
"TD",1982,
"TD",1983,
"TD",1984,2478548
"TD",1985,
"TD",1986,
"TD",1987,2837748
"TD",1988,
"TD",1989,
"TD",1990,2957911
"TD",1991,
"TD",1992,
"TD",1993,3720917
"TD",1994,
"TD",1995,
"TD",1996,4439603
"TD",1997,
"TD",1998,
"TD",1999,4938556
"TD",2000,
"TD",2001,
"TD",2002,5483688
"TD",2003,
"TD",2004,
"TD",2005,3888673
"TD",2006,
"TD",2007,
"TD",2008,5041696
"TD",2009,
"TD",2010,5143985
"TD",2011,5872600
"TD",2012,5925554
"TD",2013,6438730
"TD",2014,
"TD",2015,7129306
"TD",2016,
"TD",2017,
"CL",1981,275041
"CL",1982,
"CL",1983,
"CL",1984,638731
"CL",1985,
"CL",1986,
"CL",1987,720785
"CL",1988,
"CL",1989,
"CL",1990,480224
"CL",1991,
"CL",1992,
"CL",1993,323479
"CL",1994,
"CL",1995,
"CL",1996,320445
"CL",1997,
"CL",1998,
"CL",1999,434872
"CL",2000,
"CL",2001,
"CL",2002,526105
"CL",2003,
"CL",2004,
"CL",2005,448044
"CL",2006,
"CL",2007,
"CL",2008,421738
"CL",2009,
"CL",2010,435592
"CL",2011,397653
"CL",2012,305252
"CL",2013,266542
"CL",2014,
"CL",2015,398770
"CL",2016,
"CL",2017,
"CN",1981,531534071
"CN",1982,
"CN",1983,
"CN",1984,428723301
"CN",1985,
"CN",1986,
"CN",1987,376883738
"CN",1988,
"CN",1989,
"CN",1990,454295815
"CN",1991,
"CN",1992,
"CN",1993,429524410
"CN",1994,
"CN",1995,
"CN",1996,348940942
"CN",1997,
"CN",1998,
"CN",1999,366107294
"CN",2000,
"CN",2001,
"CN",2002,326461923
"CN",2003,
"CN",2004,
"CN",2005,233916962
"CN",2006,
"CN",2007,
"CN",2008,214924082
"CN",2009,
"CN",2010,193556416
"CN",2011,168001599
"CN",2012,152910560
"CN",2013,79299416
"CN",2014,
"CN",2015,49137600
"CN",2016,
"CN",2017,
"CO",1981,1316721
"CO",1982,
"CO",1983,
"CO",1984,1665920
"CO",1985,
"CO",1986,
"CO",1987,1873313
"CO",1988,
"CO",1989,
"CO",1990,1896377
"CO",1991,
"CO",1992,
"CO",1993,2455919
"CO",1994,
"CO",1995,
"CO",1996,5024843
"CO",1997,
"CO",1998,
"CO",1999,6426915
"CO",2000,
"CO",2001,
"CO",2002,4753320
"CO",2003,
"CO",2004,
"CO",2005,4011788
"CO",2006,
"CO",2007,
"CO",2008,5068141
"CO",2009,
"CO",2010,4438235
"CO",2011,4217155
"CO",2012,4431937
"CO",2013,4487123
"CO",2014,
"CO",2015,4113008
"CO",2016,
"CO",2017,
"KM",1981,4770
"KM",1982,
"KM",1983,
"KM",1984,6403
"KM",1985,
"KM",1986,
"KM",1987,12524
"KM",1988,
"KM",1989,
"KM",1990,15761
"KM",1991,
"KM",1992,
"KM",1993,20954
"KM",1994,
"KM",1995,
"KM",1996,46738
"KM",1997,
"KM",1998,
"KM",1999,54241
"KM",2000,
"KM",2001,
"KM",2002,55995
"KM",2003,
"KM",2004,
"KM",2005,80883
"KM",2006,
"KM",2007,
"KM",2008,113962
"KM",2009,
"KM",2010,144135
"KM",2011,169845
"KM",2012,187009
"KM",2013,208058
"KM",2014,
"KM",2015,241035
"KM",2016,
"KM",2017,
"CD",1981,7842303
"CD",1982,
"CD",1983,
"CD",1984,11130358
"CD",1985,
"CD",1986,
"CD",1987,13726616
"CD",1988,
"CD",1989,
"CD",1990,18202624
"CD",1991,
"CD",1992,
"CD",1993,29517835
"CD",1994,
"CD",1995,
"CD",1996,36221172
"CD",1997,
"CD",1998,
"CD",1999,41115255
"CD",2000,
"CD",2001,
"CD",2002,46448714
"CD",2003,
"CD",2004,
"CD",2005,51244447
"CD",2006,
"CD",2007,
"CD",2008,54058782
"CD",2009,
"CD",2010,57241071
"CD",2011,58521854
"CD",2012,59121849
"CD",2013,60688411
"CD",2014,
"CD",2015,64185662
"CD",2016,
"CD",2017,
"CG",1981,399332
"CG",1982,
"CG",1983,
"CG",1984,366919
"CG",1985,
"CG",1986,
"CG",1987,623907
"CG",1988,
"CG",1989,
"CG",1990,704118
"CG",1991,
"CG",1992,
"CG",1993,881815
"CG",1994,
"CG",1995,
"CG",1996,1217520
"CG",1997,
"CG",1998,
"CG",1999,1464544
"CG",2000,
"CG",2001,
"CG",2002,1574411
"CG",2003,
"CG",2004,
"CG",2005,1882441
"CG",2006,
"CG",2007,
"CG",2008,2008145
"CG",2009,
"CG",2010,1885084
"CG",2011,2031242
"CG",2012,2150021
"CG",2013,2324642
"CG",2014,
"CG",2015,2510393
"CG",2016,
"CG",2017,
"CR",1981,296721
"CR",1982,
"CR",1983,
"CR",1984,274616
"CR",1985,
"CR",1986,
"CR",1987,244548
"CR",1988,
"CR",1989,
"CR",1990,203583
"CR",1991,
"CR",1992,
"CR",1993,190674
"CR",1994,
"CR",1995,
"CR",1996,228472
"CR",1997,
"CR",1998,
"CR",1999,182822
"CR",2000,
"CR",2001,
"CR",2002,149377
"CR",2003,
"CR",2004,
"CR",2005,125787
"CR",2006,
"CR",2007,
"CR",2008,108581
"CR",2009,
"CR",2010,83492
"CR",2011,109556
"CR",2012,111966
"CR",2013,127088
"CR",2014,
"CR",2015,131752
"CR",2016,
"CR",2017,
"CI",1981,103863
"CI",1982,
"CI",1983,
"CI",1984,197197
"CI",1985,
"CI",1986,
"CI",1987,203366
"CI",1988,
"CI",1989,
"CI",1990,670948
"CI",1991,
"CI",1992,
"CI",1993,1432639
"CI",1994,
"CI",1995,
"CI",1996,1739816
"CI",1997,
"CI",1998,
"CI",1999,2707273
"CI",2000,
"CI",2001,
"CI",2002,3039583
"CI",2003,
"CI",2004,
"CI",2005,4740626
"CI",2006,
"CI",2007,
"CI",2008,6104880
"CI",2009,
"CI",2010,7993068
"CI",2011,9910867
"CI",2012,10018710
"CI",2013,10591029
"CI",2014,
"CI",2015,10988494
"CI",2016,
"CI",2017,
"HR",1981,1098
"HR",1982,
"HR",1983,
"HR",1984,1415
"HR",1985,
"HR",1986,
"HR",1987,1512
"HR",1988,
"HR",1989,
"HR",1990,4606
"HR",1991,
"HR",1992,
"HR",1993,12196
"HR",1994,
"HR",1995,
"HR",1996,18039
"HR",1997,
"HR",1998,
"HR",1999,8954
"HR",2000,
"HR",2001,
"HR",2002,1443
"HR",2003,
"HR",2004,
"HR",2005,0
"HR",2006,
"HR",2007,
"HR",2008,0
"HR",2009,
"HR",2010,0
"HR",2011,42498
"HR",2012,53214
"HR",2013,71966
"HR",2014,
"HR",2015,41837
"HR",2016,
"HR",2017,
"CY",1981,0
"CY",1982,
"CY",1983,
"CY",1984,0
"CY",1985,
"CY",1986,
"CY",1987,0
"CY",1988,
"CY",1989,
"CY",1990,0
"CY",1991,
"CY",1992,
"CY",1993,0
"CY",1994,
"CY",1995,
"CY",1996,0
"CY",1997,
"CY",1998,
"CY",1999,0
"CY",2000,
"CY",2001,
"CY",2002,0
"CY",2003,
"CY",2004,
"CY",2005,0
"CY",2006,
"CY",2007,
"CY",2008,0
"CY",2009,
"CY",2010,0
"CY",2011,0
"CY",2012,0
"CY",2013,0
"CY",2014,
"CY",2015,0
"CY",2016,
"CY",2017,
"CZ",1981,0
"CZ",1982,
"CZ",1983,
"CZ",1984,0
"CZ",1985,
"CZ",1986,
"CZ",1987,0
"CZ",1988,
"CZ",1989,
"CZ",1990,0
"CZ",1991,
"CZ",1992,
"CZ",1993,0
"CZ",1994,
"CZ",1995,
"CZ",1996,13306
"CZ",1997,
"CZ",1998,
"CZ",1999,8162
"CZ",2000,
"CZ",2001,
"CZ",2002,3250
"CZ",2003,
"CZ",2004,
"CZ",2005,0
"CZ",2006,
"CZ",2007,
"CZ",2008,0
"CZ",2009,
"CZ",2010,0
"CZ",2011,0
"CZ",2012,16999
"CZ",2013,0
"CZ",2014,
"CZ",2015,0
"CZ",2016,
"CZ",2017,
"DK",1981,11465
"DK",1982,
"DK",1983,
"DK",1984,11443
"DK",1985,
"DK",1986,
"DK",1987,11477
"DK",1988,
"DK",1989,
"DK",1990,11508
"DK",1991,
"DK",1992,
"DK",1993,11615
"DK",1994,
"DK",1995,
"DK",1996,11782
"DK",1997,
"DK",1998,
"DK",1999,11913
"DK",2000,
"DK",2001,
"DK",2002,12034
"DK",2003,
"DK",2004,
"DK",2005,12167
"DK",2006,
"DK",2007,
"DK",2008,13690
"DK",2009,
"DK",2010,0
"DK",2011,0
"DK",2012,0
"DK",2013,13620
"DK",2014,
"DK",2015,12034
"DK",2016,
"DK",2017,
"DO",1981,82470
"DO",1982,
"DO",1983,
"DO",1984,118628
"DO",1985,
"DO",1986,
"DO",1987,241314
"DO",1988,
"DO",1989,
"DO",1990,413469
"DO",1991,
"DO",1992,
"DO",1993,168618
"DO",1994,
"DO",1995,
"DO",1996,260040
"DO",1997,
"DO",1998,
"DO",1999,301347
"DO",2000,
"DO",2001,
"DO",2002,395940
"DO",2003,
"DO",2004,
"DO",2005,507596
"DO",2006,
"DO",2007,
"DO",2008,430669
"DO",2009,
"DO",2010,387055
"DO",2011,501364
"DO",2012,563333
"DO",2013,580216
"DO",2014,
"DO",2015,504127
"DO",2016,
"DO",2017,
"EC",1981,608984
"EC",1982,
"EC",1983,
"EC",1984,902131
"EC",1985,
"EC",1986,
"EC",1987,1060731
"EC",1988,
"EC",1989,
"EC",1990,1156930
"EC",1991,
"EC",1992,
"EC",1993,1237753
"EC",1994,
"EC",1995,
"EC",1996,1539971
"EC",1997,
"EC",1998,
"EC",1999,2091853
"EC",2000,
"EC",2001,
"EC",2002,1662675
"EC",2003,
"EC",2004,
"EC",2005,1594048
"EC",2006,
"EC",2007,
"EC",2008,1154298
"EC",2009,
"EC",2010,1055206
"EC",2011,1012659
"EC",2012,1033814
"EC",2013,915447
"EC",2014,
"EC",2015,1098927
"EC",2016,
"EC",2017,
"EG",1981,213696
"EG",1982,
"EG",1983,
"EG",1984,439769
"EG",1985,
"EG",1986,
"EG",1987,703736
"EG",1988,
"EG",1989,
"EG",1990,449247
"EG",1991,
"EG",1992,
"EG",1993,461641
"EG",1994,
"EG",1995,
"EG",1996,667445
"EG",1997,
"EG",1998,
"EG",1999,556679
"EG",2000,
"EG",2001,
"EG",2002,1064648
"EG",2003,
"EG",2004,
"EG",2005,2944097
"EG",2006,
"EG",2007,
"EG",2008,4284419
"EG",2009,
"EG",2010,5092565
"EG",2011,6157032
"EG",2012,6265183
"EG",2013,7584426
"EG",2014,
"EG",2015,7243939
"EG",2016,
"EG",2017,
"SV",1981,425225
"SV",1982,
"SV",1983,
"SV",1984,555020
"SV",1985,
"SV",1986,
"SV",1987,642866
"SV",1988,
"SV",1989,
"SV",1990,625318
"SV",1991,
"SV",1992,
"SV",1993,592538
"SV",1994,
"SV",1995,
"SV",1996,597949
"SV",1997,
"SV",1998,
"SV",1999,773685
"SV",2000,
"SV",2001,
"SV",2002,687169
"SV",2003,
"SV",2004,
"SV",2005,606961
"SV",2006,
"SV",2007,
"SV",2008,477751
"SV",2009,
"SV",2010,464203
"SV",2011,482224
"SV",2012,449032
"SV",2013,429691
"SV",2014,
"SV",2015,391259
"SV",2016,
"SV",2017,
"EE",1981,4050
"EE",1982,
"EE",1983,
"EE",1984,4598
"EE",1985,
"EE",1986,
"EE",1987,5412
"EE",1988,
"EE",1989,
"EE",1990,4989
"EE",1991,
"EE",1992,
"EE",1993,9208
"EE",1994,
"EE",1995,
"EE",1996,2140
"EE",1997,
"EE",1998,
"EE",1999,5349
"EE",2000,
"EE",2001,
"EE",2002,10974
"EE",2003,
"EE",2004,
"EE",2005,10057
"EE",2006,
"EE",2007,
"EE",2008,6590
"EE",2009,
"EE",2010,13299
"EE",2011,13213
"EE",2012,13127
"EE",2013,15638
"EE",2014,
"EE",2015,9750
"EE",2016,
"EE",2017,
"SZ",1981,480258
"SZ",1982,
"SZ",1983,
"SZ",1984,557782
"SZ",1985,
"SZ",1986,
"SZ",1987,613519
"SZ",1988,
"SZ",1989,
"SZ",1990,617430
"SZ",1991,
"SZ",1992,
"SZ",1993,671011
"SZ",1994,
"SZ",1995,
"SZ",1996,565319
"SZ",1997,
"SZ",1998,
"SZ",1999,419722
"SZ",2000,
"SZ",2001,
"SZ",2002,426308
"SZ",2003,
"SZ",2004,
"SZ",2005,482732
"SZ",2006,
"SZ",2007,
"SZ",2008,525249
"SZ",2009,
"SZ",2010,561088
"SZ",2011,608956
"SZ",2012,625889
"SZ",2013,649211
"SZ",2014,
"SZ",2015,717035
"SZ",2016,
"SZ",2017,
"ET",1981,5958128
"ET",1982,
"ET",1983,
"ET",1984,10616402
"ET",1985,
"ET",1986,
"ET",1987,14266206
"ET",1988,
"ET",1989,
"ET",1990,17749772
"ET",1991,
"ET",1992,
"ET",1993,26444649
"ET",1994,
"ET",1995,
"ET",1996,27698156
"ET",1997,
"ET",1998,
"ET",1999,26276499
"ET",2000,
"ET",2001,
"ET",2002,25381957
"ET",2003,
"ET",2004,
"ET",2005,26680147
"ET",2006,
"ET",2007,
"ET",2008,32070097
"ET",2009,
"ET",2010,37426115
"ET",2011,41813238
"ET",2012,43870912
"ET",2013,47022143
"ET",2014,
"ET",2015,48774094
"ET",2016,
"ET",2017,
"FJ",1981,3528
"FJ",1982,
"FJ",1983,
"FJ",1984,12890
"FJ",1985,
"FJ",1986,
"FJ",1987,29295
"FJ",1988,
"FJ",1989,
"FJ",1990,14769
"FJ",1991,
"FJ",1992,
"FJ",1993,17759
"FJ",1994,
"FJ",1995,
"FJ",1996,19967
"FJ",1997,
"FJ",1998,
"FJ",1999,18508
"FJ",2000,
"FJ",2001,
"FJ",2002,20761
"FJ",2003,
"FJ",2004,
"FJ",2005,28161
"FJ",2006,
"FJ",2007,
"FJ",2008,34830
"FJ",2009,
"FJ",2010,40273
"FJ",2011,47635
"FJ",2012,50465
"FJ",2013,53509
"FJ",2014,
"FJ",2015,50502
"FJ",2016,
"FJ",2017,
"FI",1981,0
"FI",1982,
"FI",1983,
"FI",1984,0
"FI",1985,
"FI",1986,
"FI",1987,0
"FI",1988,
"FI",1989,
"FI",1990,0
"FI",1991,
"FI",1992,
"FI",1993,0
"FI",1994,
"FI",1995,
"FI",1996,0
"FI",1997,
"FI",1998,
"FI",1999,0
"FI",2000,
"FI",2001,
"FI",2002,0
"FI",2003,
"FI",2004,
"FI",2005,0
"FI",2006,
"FI",2007,
"FI",2008,0
"FI",2009,
"FI",2010,0
"FI",2011,0
"FI",2012,0
"FI",2013,0
"FI",2014,
"FI",2015,0
"FI",2016,
"FI",2017,
"FR",1981,0
"FR",1982,
"FR",1983,
"FR",1984,0
"FR",1985,
"FR",1986,
"FR",1987,0
"FR",1988,
"FR",1989,
"FR",1990,0
"FR",1991,
"FR",1992,
"FR",1993,0
"FR",1994,
"FR",1995,
"FR",1996,0
"FR",1997,
"FR",1998,
"FR",1999,0
"FR",2000,
"FR",2001,
"FR",2002,0
"FR",2003,
"FR",2004,
"FR",2005,0
"FR",2006,
"FR",2007,
"FR",2008,0
"FR",2009,
"FR",2010,0
"FR",2011,0
"FR",2012,0
"FR",2013,0
"FR",2014,
"FR",2015,164830
"FR",2016,
"FR",2017,
"GA",1981,3201
"GA",1982,
"GA",1983,
"GA",1984,5611
"GA",1985,
"GA",1986,
"GA",1987,22972
"GA",1988,
"GA",1989,
"GA",1990,12514
"GA",1991,
"GA",1992,
"GA",1993,16678
"GA",1994,
"GA",1995,
"GA",1996,21921
"GA",1997,
"GA",1998,
"GA",1999,34891
"GA",2000,
"GA",2001,
"GA",2002,60702
"GA",2003,
"GA",2004,
"GA",2005,105195
"GA",2006,
"GA",2007,
"GA",2008,148090
"GA",2009,
"GA",2010,166004
"GA",2011,173193
"GA",2012,174982
"GA",2013,180172
"GA",2014,
"GA",2015,170458
"GA",2016,
"GA",2017,
"GM",1981,240431
"GM",1982,
"GM",1983,
"GM",1984,320056
"GM",1985,
"GM",1986,
"GM",1987,437060
"GM",1988,
"GM",1989,
"GM",1990,493001
"GM",1991,
"GM",1992,
"GM",1993,559970
"GM",1994,
"GM",1995,
"GM",1996,693492
"GM",1997,
"GM",1998,
"GM",1999,565722
"GM",2000,
"GM",2001,
"GM",2002,743085
"GM",2003,
"GM",2004,
"GM",2005,586345
"GM",2006,
"GM",2007,
"GM",2008,579563
"GM",2009,
"GM",2010,530841
"GM",2011,612881
"GM",2012,577706
"GM",2013,572481
"GM",2014,
"GM",2015,538956
"GM",2016,
"GM",2017,
"GE",1981,0
"GE",1982,
"GE",1983,
"GE",1984,0
"GE",1985,
"GE",1986,
"GE",1987,0
"GE",1988,
"GE",1989,
"GE",1990,0
"GE",1991,
"GE",1992,
"GE",1993,135717
"GE",1994,
"GE",1995,
"GE",1996,141784
"GE",1997,
"GE",1998,
"GE",1999,617144
"GE",2000,
"GE",2001,
"GE",2002,357558
"GE",2003,
"GE",2004,
"GE",2005,482182
"GE",2006,
"GE",2007,
"GE",2008,553109
"GE",2009,
"GE",2010,654483
"GE",2011,654326
"GE",2012,564993
"GE",2013,496705
"GE",2014,
"GE",2015,406943
"GE",2016,
"GE",2017,
"DE",1981,0
"DE",1982,
"DE",1983,
"DE",1984,0
"DE",1985,
"DE",1986,
"DE",1987,0
"DE",1988,
"DE",1989,
"DE",1990,0
"DE",1991,
"DE",1992,
"DE",1993,93854
"DE",1994,
"DE",1995,
"DE",1996,94731
"DE",1997,
"DE",1998,
"DE",1999,23736
"DE",2000,
"DE",2001,
"DE",2002,0
"DE",2003,
"DE",2004,
"DE",2005,0
"DE",2006,
"DE",2007,
"DE",2008,0
"DE",2009,
"DE",2010,0
"DE",2011,0
"DE",2012,0
"DE",2013,0
"DE",2014,
"DE",2015,0
"DE",2016,
"DE",2017,
"GH",1981,1246632
"GH",1982,
"GH",1983,
"GH",1984,2690549
"GH",1985,
"GH",1986,
"GH",1987,3175908
"GH",1988,
"GH",1989,
"GH",1990,3678940
"GH",1991,
"GH",1992,
"GH",1993,4359488
"GH",1994,
"GH",1995,
"GH",1996,4971394
"GH",1997,
"GH",1998,
"GH",1999,4573495
"GH",2000,
"GH",2001,
"GH",2002,4982607
"GH",2003,
"GH",2004,
"GH",2005,5424125
"GH",2006,
"GH",2007,
"GH",2008,5415336
"GH",2009,
"GH",2010,5677692
"GH",2011,5477262
"GH",2012,5333429
"GH",2013,5617361
"GH",2014,
"GH",2015,6184868
"GH",2016,
"GH",2017,
"GR",1981,48481
"GR",1982,
"GR",1983,
"GR",1984,49311
"GR",1985,
"GR",1986,
"GR",1987,49833
"GR",1988,
"GR",1989,
"GR",1990,50810
"GR",1991,
"GR",1992,
"GR",1993,52124
"GR",1994,
"GR",1995,
"GR",1996,52863
"GR",1997,
"GR",1998,
"GR",1999,53625
"GR",2000,
"GR",2001,
"GR",2002,54325
"GR",2003,
"GR",2004,
"GR",2005,26788
"GR",2006,
"GR",2007,
"GR",2008,54946
"GR",2009,
"GR",2010,110925
"GR",2011,166215
"GR",2012,243968
"GR",2013,187792
"GR",2014,
"GR",2015,270510
"GR",2016,
"GR",2017,
"GT",1981,1692029
"GT",1982,
"GT",1983,
"GT",1984,2483623
"GT",1985,
"GT",1986,
"GT",1987,2769130
"GT",1988,
"GT",1989,
"GT",1990,2219442
"GT",1991,
"GT",1992,
"GT",1993,1741693
"GT",1994,
"GT",1995,
"GT",1996,1399998
"GT",1997,
"GT",1998,
"GT",1999,883579
"GT",2000,
"GT",2001,
"GT",2002,917717
"GT",2003,
"GT",2004,
"GT",2005,1371420
"GT",2006,
"GT",2007,
"GT",2008,1552981
"GT",2009,
"GT",2010,1895924
"GT",2011,2153780
"GT",2012,2311447
"GT",2013,2604482
"GT",2014,
"GT",2015,2754242
"GT",2016,
"GT",2017,
"GN",1981,3406433
"GN",1982,
"GN",1983,
"GN",1984,3994910
"GN",1985,
"GN",1986,
"GN",1987,4458153
"GN",1988,
"GN",1989,
"GN",1990,4940454
"GN",1991,
"GN",1992,
"GN",1993,3676936
"GN",1994,
"GN",1995,
"GN",1996,3432983
"GN",1997,
"GN",1998,
"GN",1999,4085775
"GN",2000,
"GN",2001,
"GN",2002,4948495
"GN",2003,
"GN",2004,
"GN",2005,5808541
"GN",2006,
"GN",2007,
"GN",2008,5894079
"GN",2009,
"GN",2010,6867983
"GN",2011,6474438
"GN",2012,5741795
"GN",2013,6225175
"GN",2014,
"GN",2015,6803105
"GN",2016,
"GN",2017,
"GW",1981,230277
"GW",1982,
"GW",1983,
"GW",1984,281529
"GW",1985,
"GW",1986,
"GW",1987,332538
"GW",1988,
"GW",1989,
"GW",1990,326670
"GW",1991,
"GW",1992,
"GW",1993,511545
"GW",1994,
"GW",1995,
"GW",1996,440279
"GW",1997,
"GW",1998,
"GW",1999,586721
"GW",2000,
"GW",2001,
"GW",2002,578392
"GW",2003,
"GW",2004,
"GW",2005,792581
"GW",2006,
"GW",2007,
"GW",2008,978200
"GW",2009,
"GW",2010,1130148
"GW",2011,1168467
"GW",2012,1234569
"GW",2013,1299488
"GW",2014,
"GW",2015,1396958
"GW",2016,
"GW",2017,
"GY",1981,63431
"GY",1982,
"GY",1983,
"GY",1984,146201
"GY",1985,
"GY",1986,
"GY",1987,168181
"GY",1988,
"GY",1989,
"GY",1990,189698
"GY",1991,
"GY",1992,
"GY",1993,127673
"GY",1994,
"GY",1995,
"GY",1996,84630
"GY",1997,
"GY",1998,
"GY",1999,73033
"GY",2000,
"GY",2001,
"GY",2002,77450
"GY",2003,
"GY",2004,
"GY",2005,92845
"GY",2006,
"GY",2007,
"GY",2008,82575
"GY",2009,
"GY",2010,81632
"GY",2011,84602
"GY",2012,83490
"GY",2013,86596
"GY",2014,
"GY",2015,88742
"GY",2016,
"GY",2017,
"HN",1981,812070
"HN",1982,
"HN",1983,
"HN",1984,1106842
"HN",1985,
"HN",1986,
"HN",1987,1368046
"HN",1988,
"HN",1989,
"HN",1990,1552072
"HN",1991,
"HN",1992,
"HN",1993,736418
"HN",1994,
"HN",1995,
"HN",1996,1427131
"HN",1997,
"HN",1998,
"HN",1999,1328104
"HN",2000,
"HN",2001,
"HN",2002,1371235
"HN",2003,
"HN",2004,
"HN",2005,1921341
"HN",2006,
"HN",2007,
"HN",2008,1386947
"HN",2009,
"HN",2010,1462717
"HN",2011,1805417
"HN",2012,2203149
"HN",2013,2176866
"HN",2014,
"HN",2015,2342018
"HN",2016,
"HN",2017,
"HU",1981,4539
"HU",1982,
"HU",1983,
"HU",1984,4811
"HU",1985,
"HU",1986,
"HU",1987,4816
"HU",1988,
"HU",1989,
"HU",1990,4921
"HU",1991,
"HU",1992,
"HU",1993,12609
"HU",1994,
"HU",1995,
"HU",1996,17532
"HU",1997,
"HU",1998,
"HU",1999,1921
"HU",2000,
"HU",2001,
"HU",2002,0
"HU",2003,
"HU",2004,
"HU",2005,0
"HU",2006,
"HU",2007,
"HU",2008,0
"HU",2009,
"HU",2010,0
"HU",2011,24248
"HU",2012,47204
"HU",2013,24141
"HU",2014,
"HU",2015,96875
"HU",2016,
"HU",2017,
"IS",1981,0
"IS",1982,
"IS",1983,
"IS",1984,0
"IS",1985,
"IS",1986,
"IS",1987,0
"IS",1988,
"IS",1989,
"IS",1990,0
"IS",1991,
"IS",1992,
"IS",1993,0
"IS",1994,
"IS",1995,
"IS",1996,0
"IS",1997,
"IS",1998,
"IS",1999,0
"IS",2000,
"IS",2001,
"IS",2002,0
"IS",2003,
"IS",2004,
"IS",2005,0
"IS",2006,
"IS",2007,
"IS",2008,0
"IS",2009,
"IS",2010,794
"IS",2011,796
"IS",2012,0
"IS",2013,0
"IS",2014,
"IS",2015,0
"IS",2016,
"IS",2017,
"IN",1981,109824242
"IN",1982,
"IN",1983,
"IN",1984,165091026
"IN",1985,
"IN",1986,
"IN",1987,194713098
"IN",1988,
"IN",1989,
"IN",1990,169334501
"IN",1991,
"IN",1992,
"IN",1993,187163013
"IN",1994,
"IN",1995,
"IN",1996,256456220
"IN",1997,
"IN",1998,
"IN",1999,265611012
"IN",2000,
"IN",2001,
"IN",2002,320467916
"IN",2003,
"IN",2004,
"IN",2005,409438542
"IN",2006,
"IN",2007,
"IN",2008,448358093
"IN",2009,
"IN",2010,462054511
"IN",2011,449152269
"IN",2012,461195486
"IN",2013,487441485
"IN",2014,
"IN",2015,477894111
"IN",2016,
"IN",2017,
"ID",1981,50610689
"ID",1982,
"ID",1983,
"ID",1984,63045225
"ID",1985,
"ID",1986,
"ID",1987,76118087
"ID",1988,
"ID",1989,
"ID",1990,52899574
"ID",1991,
"ID",1992,
"ID",1993,60668537
"ID",1994,
"ID",1995,
"ID",1996,60518617
"ID",1997,
"ID",1998,
"ID",1999,50939118
"ID",2000,
"ID",2001,
"ID",2002,28774141
"ID",2003,
"ID",2004,
"ID",2005,44490129
"ID",2006,
"ID",2007,
"ID",2008,57943757
"ID",2009,
"ID",2010,54881342
"ID",2011,59472545
"ID",2012,60811457
"ID",2013,63892875
"ID",2014,
"ID",2015,60980783
"ID",2016,
"ID",2017,
"IR",1981,588750
"IR",1982,
"IR",1983,
"IR",1984,525886
"IR",1985,
"IR",1986,
"IR",1987,1694199
"IR",1988,
"IR",1989,
"IR",1990,1023597
"IR",1991,
"IR",1992,
"IR",1993,452981
"IR",1994,
"IR",1995,
"IR",1996,777386
"IR",1997,
"IR",1998,
"IR",1999,580028
"IR",2000,
"IR",2001,
"IR",2002,279146
"IR",2003,
"IR",2004,
"IR",2005,291211
"IR",2006,
"IR",2007,
"IR",2008,634651
"IR",2009,
"IR",2010,684672
"IR",2011,564424
"IR",2012,436735
"IR",2013,314003
"IR",2014,
"IR",2015,1316265
"IR",2016,
"IR",2017,
"IQ",1981,37847
"IQ",1982,
"IQ",1983,
"IQ",1984,301295
"IQ",1985,
"IQ",1986,
"IQ",1987,351936
"IQ",1988,
"IQ",1989,
"IQ",1990,55353
"IQ",1991,
"IQ",1992,
"IQ",1993,1209903
"IQ",1994,
"IQ",1995,
"IQ",1996,1627805
"IQ",1997,
"IQ",1998,
"IQ",1999,139540
"IQ",2000,
"IQ",2001,
"IQ",2002,356139
"IQ",2003,
"IQ",2004,
"IQ",2005,701261
"IQ",2006,
"IQ",2007,
"IQ",2008,828925
"IQ",2009,
"IQ",2010,1298794
"IQ",2011,1815016
"IQ",2012,2034351
"IQ",2013,2411165
"IQ",2014,
"IQ",2015,3358340
"IQ",2016,
"IQ",2017,
"IE",1981,8376
"IE",1982,
"IE",1983,
"IE",1984,8569
"IE",1985,
"IE",1986,
"IE",1987,8588
"IE",1988,
"IE",1989,
"IE",1990,8524
"IE",1991,
"IE",1992,
"IE",1993,8675
"IE",1994,
"IE",1995,
"IE",1996,8824
"IE",1997,
"IE",1998,
"IE",1999,9109
"IE",2000,
"IE",2001,
"IE",2002,0
"IE",2003,
"IE",2004,
"IE",2005,0
"IE",2006,
"IE",2007,
"IE",2008,9011
"IE",2009,
"IE",2010,22281
"IE",2011,21601
"IE",2012,21352
"IE",2013,34074
"IE",2014,
"IE",2015,22693
"IE",2016,
"IE",2017,
"IL",1981,2662
"IL",1982,
"IL",1983,
"IL",1984,6996
"IL",1985,
"IL",1986,
"IL",1987,8574
"IL",1988,
"IL",1989,
"IL",1990,3658
"IL",1991,
"IL",1992,
"IL",1993,2584
"IL",1994,
"IL",1995,
"IL",1996,11184
"IL",1997,
"IL",1998,
"IL",1999,7522
"IL",2000,
"IL",2001,
"IL",2002,7919
"IL",2003,
"IL",2004,
"IL",2005,33410
"IL",2006,
"IL",2007,
"IL",2008,35929
"IL",2009,
"IL",2010,37673
"IL",2011,48145
"IL",2012,58993
"IL",2013,60104
"IL",2014,
"IL",2015,62495
"IL",2016,
"IL",2017,
"IT",1981,418505
"IT",1982,
"IT",1983,
"IT",1984,419061
"IT",1985,
"IT",1986,
"IT",1987,419248
"IT",1988,
"IT",1989,
"IT",1990,420116
"IT",1991,
"IT",1992,
"IT",1993,420950
"IT",1994,
"IT",1995,
"IT",1996,421161
"IT",1997,
"IT",1998,
"IT",1999,421576
"IT",2000,
"IT",2001,
"IT",2002,422633
"IT",2003,
"IT",2004,
"IT",2005,430800
"IT",2006,
"IT",2007,
"IT",2008,440558
"IT",2009,
"IT",2010,738785
"IT",2011,735230
"IT",2012,891779
"IT",2013,1049495
"IT",2014,
"IT",2015,1359625
"IT",2016,
"IT",2017,
"JM",1981,27039
"JM",1982,
"JM",1983,
"JM",1984,47284
"JM",1985,
"JM",1986,
"JM",1987,57869
"JM",1988,
"JM",1989,
"JM",1990,27529
"JM",1991,
"JM",1992,
"JM",1993,93399
"JM",1994,
"JM",1995,
"JM",1996,46091
"JM",1997,
"JM",1998,
"JM",1999,42662
"JM",2000,
"JM",2001,
"JM",2002,50699
"JM",2003,
"JM",2004,
"JM",2005,43747
"JM",2006,
"JM",2007,
"JM",2008,51239
"JM",2009,
"JM",2010,90792
"JM",2011,106996
"JM",2012,117537
"JM",2013,139831
"JM",2014,
"JM",2015,179744
"JM",2016,
"JM",2017,
"JP",1981,259753
"JP",1982,
"JP",1983,
"JP",1984,264985
"JP",1985,
"JP",1986,
"JP",1987,269562
"JP",1988,
"JP",1989,
"JP",1990,272755
"JP",1991,
"JP",1992,
"JP",1993,274961
"JP",1994,
"JP",1995,
"JP",1996,277656
"JP",1997,
"JP",1998,
"JP",1999,279586
"JP",2000,
"JP",2001,
"JP",2002,281383
"JP",2003,
"JP",2004,
"JP",2005,282107
"JP",2006,
"JP",2007,
"JP",2008,282748
"JP",2009,
"JP",2010,609028
"JP",2011,607901
"JP",2012,606931
"JP",2013,606056
"JP",2014,
"JP",2015,604611
"JP",2016,
"JP",2017,
"JO",1981,0
"JO",1982,
"JO",1983,
"JO",1984,0
"JO",1985,
"JO",1986,
"JO",1987,529
"JO",1988,
"JO",1989,
"JO",1990,15152
"JO",1991,
"JO",1992,
"JO",1993,22366
"JO",1994,
"JO",1995,
"JO",1996,29989
"JO",1997,
"JO",1998,
"JO",1999,26840
"JO",2000,
"JO",2001,
"JO",2002,22099
"JO",2003,
"JO",2004,
"JO",2005,21261
"JO",2006,
"JO",2007,
"JO",2008,12877
"JO",2009,
"JO",2010,18858
"JO",2011,28836
"JO",2012,46863
"JO",2013,88735
"JO",2014,
"JO",2015,139928
"JO",2016,
"JO",2017,
"KZ",1981,0
"KZ",1982,
"KZ",1983,
"KZ",1984,0
"KZ",1985,
"KZ",1986,
"KZ",1987,0
"KZ",1988,
"KZ",1989,
"KZ",1990,0
"KZ",1991,
"KZ",1992,
"KZ",1993,88570
"KZ",1994,
"KZ",1995,
"KZ",1996,602775
"KZ",1997,
"KZ",1998,
"KZ",1999,854425
"KZ",2000,
"KZ",2001,
"KZ",2002,601317
"KZ",2003,
"KZ",2004,
"KZ",2005,985246
"KZ",2006,
"KZ",2007,
"KZ",2008,26552
"KZ",2009,
"KZ",2010,38810
"KZ",2011,20874
"KZ",2012,13163
"KZ",2013,11864
"KZ",2014,
"KZ",2015,20942
"KZ",2016,
"KZ",2017,
"KE",1981,1868658
"KE",1982,
"KE",1983,
"KE",1984,3242273
"KE",1985,
"KE",1986,
"KE",1987,3836972
"KE",1988,
"KE",1989,
"KE",1990,3885516
"KE",1991,
"KE",1992,
"KE",1993,6189836
"KE",1994,
"KE",1995,
"KE",1996,5850833
"KE",1997,
"KE",1998,
"KE",1999,7711006
"KE",2000,
"KE",2001,
"KE",2002,11404319
"KE",2003,
"KE",2004,
"KE",2005,15369278
"KE",2006,
"KE",2007,
"KE",2008,17627040
"KE",2009,
"KE",2010,19541309
"KE",2011,21303538
"KE",2012,22438103
"KE",2013,24400635
"KE",2014,
"KE",2015,26831329
"KE",2016,
"KE",2017,
"KI",1981,517
"KI",1982,
"KI",1983,
"KI",1984,727
"KI",1985,
"KI",1986,
"KI",1987,2421
"KI",1988,
"KI",1989,
"KI",1990,2673
"KI",1991,
"KI",1992,
"KI",1993,3687
"KI",1994,
"KI",1995,
"KI",1996,5683
"KI",1997,
"KI",1998,
"KI",1999,5893
"KI",2000,
"KI",2001,
"KI",2002,6669
"KI",2003,
"KI",2004,
"KI",2005,10308
"KI",2006,
"KI",2007,
"KI",2008,14422
"KI",2009,
"KI",2010,19470
"KI",2011,23465
"KI",2012,23952
"KI",2013,26362
"KI",2014,
"KI",2015,26047
"KI",2016,
"KI",2017,
"KR",1981,290183
"KR",1982,
"KR",1983,
"KR",1984,302793
"KR",1985,
"KR",1986,
"KR",1987,204862
"KR",1988,
"KR",1989,
"KR",1990,211003
"KR",1991,
"KR",1992,
"KR",1993,217526
"KR",1994,
"KR",1995,
"KR",1996,113558
"KR",1997,
"KR",1998,
"KR",1999,116282
"KR",2000,
"KR",2001,
"KR",2002,118846
"KR",2003,
"KR",2004,
"KR",2005,120193
"KR",2006,
"KR",2007,
"KR",2008,119085
"KR",2009,
"KR",2010,245739
"KR",2011,247899
"KR",2012,249471
"KR",2013,250609
"KR",2014,
"KR",2015,253522
"KR",2016,
"KR",2017,
"KG",1981,87727
"KG",1982,
"KG",1983,
"KG",1984,119532
"KG",1985,
"KG",1986,
"KG",1987,164072
"KG",1988,
"KG",1989,
"KG",1990,202409
"KG",1991,
"KG",1992,
"KG",1993,473259
"KG",1994,
"KG",1995,
"KG",1996,1101325
"KG",1997,
"KG",1998,
"KG",1999,746372
"KG",2000,
"KG",2001,
"KG",2002,1226766
"KG",2003,
"KG",2004,
"KG",2005,753802
"KG",2006,
"KG",2007,
"KG",2008,289631
"KG",2009,
"KG",2010,361165
"KG",2011,275684
"KG",2012,392393
"KG",2013,667194
"KG",2014,
"KG",2015,727047
"KG",2016,
"KG",2017,
"LV",1981,0
"LV",1982,
"LV",1983,
"LV",1984,0
"LV",1985,
"LV",1986,
"LV",1987,0
"LV",1988,
"LV",1989,
"LV",1990,0
"LV",1991,
"LV",1992,
"LV",1993,0
"LV",1994,
"LV",1995,
"LV",1996,8384
"LV",1997,
"LV",1998,
"LV",1999,17836
"LV",2000,
"LV",2001,
"LV",2002,11373
"LV",2003,
"LV",2004,
"LV",2005,49073
"LV",2006,
"LV",2007,
"LV",2008,591
"LV",2009,
"LV",2010,41588
"LV",2011,30802
"LV",2012,30498
"LV",2013,29463
"LV",2014,
"LV",2015,23986
"LV",2016,
"LV",2017,
"LS",1981,403412
"LS",1982,
"LS",1983,
"LS",1984,487302
"LS",1985,
"LS",1986,
"LS",1987,564019
"LS",1988,
"LS",1989,
"LS",1990,593690
"LS",1991,
"LS",1992,
"LS",1993,675727
"LS",1994,
"LS",1995,
"LS",1996,805701
"LS",1997,
"LS",1998,
"LS",1999,919136
"LS",2000,
"LS",2001,
"LS",2002,1044813
"LS",2003,
"LS",2004,
"LS",2005,1180656
"LS",2006,
"LS",2007,
"LS",2008,1246397
"LS",2009,
"LS",2010,1322528
"LS",2011,1349514
"LS",2012,1356452
"LS",2013,1422607
"LS",2014,
"LS",2015,1485998
"LS",2016,
"LS",2017,
"LR",1981,29973
"LR",1982,
"LR",1983,
"LR",1984,47040
"LR",1985,
"LR",1986,
"LR",1987,75368
"LR",1988,
"LR",1989,
"LR",1990,558820
"LR",1991,
"LR",1992,
"LR",1993,1679492
"LR",1994,
"LR",1995,
"LR",1996,2039696
"LR",1997,
"LR",1998,
"LR",1999,1415244
"LR",2000,
"LR",2001,
"LR",2002,1288473
"LR",2003,
"LR",2004,
"LR",2005,2368782
"LR",2006,
"LR",2007,
"LR",2008,2486471
"LR",2009,
"LR",2010,2653909
"LR",2011,2652624
"LR",2012,2538788
"LR",2013,2565014
"LR",2014,
"LR",2015,2922597
"LR",2016,
"LR",2017,
"LT",1981,0
"LT",1982,
"LT",1983,
"LT",1984,0
"LT",1985,
"LT",1986,
"LT",1987,0
"LT",1988,
"LT",1989,
"LT",1990,0
"LT",1991,
"LT",1992,
"LT",1993,0
"LT",1994,
"LT",1995,
"LT",1996,0
"LT",1997,
"LT",1998,
"LT",1999,4534
"LT",2000,
"LT",2001,
"LT",2002,5663
"LT",2003,
"LT",2004,
"LT",2005,56871
"LT",2006,
"LT",2007,
"LT",2008,5492
"LT",2009,
"LT",2010,53248
"LT",2011,28460
"LT",2012,29313
"LT",2013,44250
"LT",2014,
"LT",2015,33668
"LT",2016,
"LT",2017,
"LU",1981,0
"LU",1982,
"LU",1983,
"LU",1984,0
"LU",1985,
"LU",1986,
"LU",1987,0
"LU",1988,
"LU",1989,
"LU",1990,0
"LU",1991,
"LU",1992,
"LU",1993,0
"LU",1994,
"LU",1995,
"LU",1996,0
"LU",1997,
"LU",1998,
"LU",1999,0
"LU",2000,
"LU",2001,
"LU",2002,0
"LU",2003,
"LU",2004,
"LU",2005,0
"LU",2006,
"LU",2007,
"LU",2008,0
"LU",2009,
"LU",2010,0
"LU",2011,0
"LU",2012,0
"LU",2013,728
"LU",2014,
"LU",2015,1146
"LU",2016,
"LU",2017,
"MG",1981,2140760
"MG",1982,
"MG",1983,
"MG",1984,3321475
"MG",1985,
"MG",1986,
"MG",1987,4350534
"MG",1988,
"MG",1989,
"MG",1990,4425453
"MG",1991,
"MG",1992,
"MG",1993,6215324
"MG",1994,
"MG",1995,
"MG",1996,7625214
"MG",1997,
"MG",1998,
"MG",1999,8059338
"MG",2000,
"MG",2001,
"MG",2002,11709628
"MG",2003,
"MG",2004,
"MG",2005,13053666
"MG",2006,
"MG",2007,
"MG",2008,14805238
"MG",2009,
"MG",2010,17366952
"MG",2011,18278051
"MG",2012,18856858
"MG",2013,19763159
"MG",2014,
"MG",2015,21182735
"MG",2016,
"MG",2017,
"MW",1981,1664072
"MW",1982,
"MW",1983,
"MW",1984,2435183
"MW",1985,
"MW",1986,
"MW",1987,3910312
"MW",1988,
"MW",1989,
"MW",1990,4814258
"MW",1991,
"MW",1992,
"MW",1993,4775521
"MW",1994,
"MW",1995,
"MW",1996,5150481
"MW",1997,
"MW",1998,
"MW",1999,5754233
"MW",2000,
"MW",2001,
"MW",2002,7885532
"MW",2003,
"MW",2004,
"MW",2005,9367307
"MW",2006,
"MW",2007,
"MW",2008,10616601
"MW",2009,
"MW",2010,11636726
"MW",2011,12279174
"MW",2012,12940005
"MW",2013,13547463
"MW",2014,
"MW",2015,14568039
"MW",2016,
"MW",2017,
"MY",1981,42229
"MY",1982,
"MY",1983,
"MY",1984,68918
"MY",1985,
"MY",1986,
"MY",1987,41321
"MY",1988,
"MY",1989,
"MY",1990,18852
"MY",1991,
"MY",1992,
"MY",1993,12715
"MY",1994,
"MY",1995,
"MY",1996,16583
"MY",1997,
"MY",1998,
"MY",1999,61294
"MY",2000,
"MY",2001,
"MY",2002,70090
"MY",2003,
"MY",2004,
"MY",2005,118191
"MY",2006,
"MY",2007,
"MY",2008,169144
"MY",2009,
"MY",2010,118390
"MY",2011,66744
"MY",2012,47167
"MY",2013,35112
"MY",2014,
"MY",2015,30083
"MY",2016,
"MY",2017,
"ML",1981,5082729
"ML",1982,
"ML",1983,
"ML",1984,6123488
"ML",1985,
"ML",1986,
"ML",1987,6250014
"ML",1988,
"ML",1989,
"ML",1990,6439276
"ML",1991,
"ML",1992,
"ML",1993,6927291
"ML",1994,
"ML",1995,
"ML",1996,7403263
"ML",1997,
"ML",1998,
"ML",1999,6534963
"ML",2000,
"ML",2001,
"ML",2002,5911778
"ML",2003,
"ML",2004,
"ML",2005,6571573
"ML",2006,
"ML",2007,
"ML",2008,7673539
"ML",2009,
"ML",2010,8594927
"ML",2011,9504749
"ML",2012,10469010
"ML",2013,11395813
"ML",2014,
"ML",2015,12016621
"ML",2016,
"ML",2017,
"MT",1981,1565
"MT",1982,
"MT",1983,
"MT",1984,1622
"MT",1985,
"MT",1986,
"MT",1987,1690
"MT",1988,
"MT",1989,
"MT",1990,1738
"MT",1991,
"MT",1992,
"MT",1993,1822
"MT",1994,
"MT",1995,
"MT",1996,1864
"MT",1997,
"MT",1998,
"MT",1999,1902
"MT",2000,
"MT",2001,
"MT",2002,1943
"MT",2003,
"MT",2004,
"MT",2005,1981
"MT",2006,
"MT",2007,
"MT",2008,982
"MT",2009,
"MT",2010,913
"MT",2011,986
"MT",2012,1035
"MT",2013,0
"MT",2014,
"MT",2015,0
"MT",2016,
"MT",2017,
"MR",1981,261301
"MR",1982,
"MR",1983,
"MR",1984,407422
"MR",1985,
"MR",1986,
"MR",1987,487423
"MR",1988,
"MR",1989,
"MR",1990,498589
"MR",1991,
"MR",1992,
"MR",1993,512183
"MR",1994,
"MR",1995,
"MR",1996,283625
"MR",1997,
"MR",1998,
"MR",1999,300834
"MR",2000,
"MR",2001,
"MR",2002,389677
"MR",2003,
"MR",2004,
"MR",2005,397263
"MR",2006,
"MR",2007,
"MR",2008,424625
"MR",2009,
"MR",2010,512976
"MR",2011,576006
"MR",2012,576349
"MR",2013,602180
"MR",2014,
"MR",2015,685343
"MR",2016,
"MR",2017,
"MU",1981,27162
"MU",1982,
"MU",1983,
"MU",1984,37955
"MU",1985,
"MU",1986,
"MU",1987,25227
"MU",1988,
"MU",1989,
"MU",1990,13771
"MU",1991,
"MU",1992,
"MU",1993,10116
"MU",1994,
"MU",1995,
"MU",1996,10453
"MU",1997,
"MU",1998,
"MU",1999,7649
"MU",2000,
"MU",2001,
"MU",2002,6653
"MU",2003,
"MU",2004,
"MU",2005,7420
"MU",2006,
"MU",2007,
"MU",2008,6629
"MU",2009,
"MU",2010,9742
"MU",2011,12415
"MU",2012,13487
"MU",2013,16948
"MU",2014,
"MU",2015,16834
"MU",2016,
"MU",2017,
"MX",1981,688623
"MX",1982,
"MX",1983,
"MX",1984,2030871
"MX",1985,
"MX",1986,
"MX",1987,3491770
"MX",1988,
"MX",1989,
"MX",1990,2785798
"MX",1991,
"MX",1992,
"MX",1993,2670601
"MX",1994,
"MX",1995,
"MX",1996,6646604
"MX",1997,
"MX",1998,
"MX",1999,6895913
"MX",2000,
"MX",2001,
"MX",2002,4824104
"MX",2003,
"MX",2004,
"MX",2005,6483806
"MX",2006,
"MX",2007,
"MX",2008,5414767
"MX",2009,
"MX",2010,6473288
"MX",2011,7257988
"MX",2012,7592461
"MX",2013,9365342
"MX",2014,
"MX",2015,10235462
"MX",2016,
"MX",2017,
"MN",1981,18552
"MN",1982,
"MN",1983,
"MN",1984,25917
"MN",1985,
"MN",1986,
"MN",1987,27924
"MN",1988,
"MN",1989,
"MN",1990,31005
"MN",1991,
"MN",1992,
"MN",1993,136458
"MN",1994,
"MN",1995,
"MN",1996,253531
"MN",1997,
"MN",1998,
"MN",1999,316120
"MN",2000,
"MN",2001,
"MN",2002,164645
"MN",2003,
"MN",2004,
"MN",2005,97420
"MN",2006,
"MN",2007,
"MN",2008,40526
"MN",2009,
"MN",2010,46407
"MN",2011,43692
"MN",2012,27328
"MN",2013,31859
"MN",2014,
"MN",2015,39644
"MN",2016,
"MN",2017,
"MA",1981,265792
"MA",1982,
"MA",1983,
"MA",1984,417150
"MA",1985,
"MA",1986,
"MA",1987,305573
"MA",1988,
"MA",1989,
"MA",1990,104567
"MA",1991,
"MA",1992,
"MA",1993,354258
"MA",1994,
"MA",1995,
"MA",1996,533961
"MA",1997,
"MA",1998,
"MA",1999,857914
"MA",2000,
"MA",2001,
"MA",2002,1037619
"MA",2003,
"MA",2004,
"MA",2005,1206753
"MA",2006,
"MA",2007,
"MA",2008,911209
"MA",2009,
"MA",2010,901805
"MA",2011,971519
"MA",2012,997972
"MA",2013,1160797
"MA",2014,
"MA",2015,1326623
"MA",2016,
"MA",2017,
"MZ",1981,7850388
"MZ",1982,
"MZ",1983,
"MZ",1984,10520788
"MZ",1985,
"MZ",1986,
"MZ",1987,10593067
"MZ",1988,
"MZ",1989,
"MZ",1990,10274704
"MZ",1991,
"MZ",1992,
"MZ",1993,11596609
"MZ",1994,
"MZ",1995,
"MZ",1996,12358824
"MZ",1997,
"MZ",1998,
"MZ",1999,13025183
"MZ",2000,
"MZ",2001,
"MZ",2002,14290509
"MZ",2003,
"MZ",2004,
"MZ",2005,15681469
"MZ",2006,
"MZ",2007,
"MZ",2008,16509910
"MZ",2009,
"MZ",2010,17589739
"MZ",2011,18496612
"MZ",2012,19071392
"MZ",2013,19964039
"MZ",2014,
"MZ",2015,21217667
"MZ",2016,
"MZ",2017,
"MM",1981,25653791
"MM",1982,
"MM",1983,
"MM",1984,28715548
"MM",1985,
"MM",1986,
"MM",1987,33315752
"MM",1988,
"MM",1989,
"MM",1990,36445780
"MM",1991,
"MM",1992,
"MM",1993,36828728
"MM",1994,
"MM",1995,
"MM",1996,37341001
"MM",1997,
"MM",1998,
"MM",1999,35586067
"MM",2000,
"MM",2001,
"MM",2002,30403896
"MM",2003,
"MM",2004,
"MM",2005,23686026
"MM",2006,
"MM",2007,
"MM",2008,15280832
"MM",2009,
"MM",2010,12088539
"MM",2011,12720639
"MM",2012,11985777
"MM",2013,11753726
"MM",2014,
"MM",2015,9797060
"MM",2016,
"MM",2017,
"NA",1981,273108
"NA",1982,
"NA",1983,
"NA",1984,383828
"NA",1985,
"NA",1986,
"NA",1987,478535
"NA",1988,
"NA",1989,
"NA",1990,575324
"NA",1991,
"NA",1992,
"NA",1993,635835
"NA",1994,
"NA",1995,
"NA",1996,755079
"NA",1997,
"NA",1998,
"NA",1999,526892
"NA",2000,
"NA",2001,
"NA",2002,578880
"NA",2003,
"NA",2004,
"NA",2005,575398
"NA",2006,
"NA",2007,
"NA",2008,556822
"NA",2009,
"NA",2010,576876
"NA",2011,590313
"NA",2012,578920
"NA",2013,590741
"NA",2014,
"NA",2015,565085
"NA",2016,
"NA",2017,
"NP",1981,4897517
"NP",1982,
"NP",1983,
"NP",1984,6914653
"NP",1985,
"NP",1986,
"NP",1987,7967253
"NP",1988,
"NP",1989,
"NP",1990,8292465
"NP",1991,
"NP",1992,
"NP",1993,8625855
"NP",1994,
"NP",1995,
"NP",1996,9512416
"NP",1997,
"NP",1998,
"NP",1999,9213025
"NP",2000,
"NP",2001,
"NP",2002,9108158
"NP",2003,
"NP",2004,
"NP",2005,9932216
"NP",2006,
"NP",2007,
"NP",2008,8385026
"NP",2009,
"NP",2010,6421695
"NP",2011,7669867
"NP",2012,5922694
"NP",2013,6844059
"NP",2014,
"NP",2015,7283670
"NP",2016,
"NP",2017,
"NL",1981,33606
"NL",1982,
"NL",1983,
"NL",1984,34023
"NL",1985,
"NL",1986,
"NL",1987,34591
"NL",1988,
"NL",1989,
"NL",1990,35267
"NL",1991,
"NL",1992,
"NL",1993,36066
"NL",1994,
"NL",1995,
"NL",1996,36633
"NL",1997,
"NL",1998,
"NL",1999,37297
"NL",2000,
"NL",2001,
"NL",2002,38091
"NL",2003,
"NL",2004,
"NL",2005,0
"NL",2006,
"NL",2007,
"NL",2008,40932
"NL",2009,
"NL",2010,0
"NL",2011,40563
"NL",2012,0
"NL",2013,0
"NL",2014,
"NL",2015,33112
"NL",2016,
"NL",2017,
"NI",1981,53674
"NI",1982,
"NI",1983,
"NI",1984,104673
"NI",1985,
"NI",1986,
"NI",1987,191536
"NI",1988,
"NI",1989,
"NI",1990,363239
"NI",1991,
"NI",1992,
"NI",1993,500486
"NI",1994,
"NI",1995,
"NI",1996,565665
"NI",1997,
"NI",1998,
"NI",1998,
"NI",1998,
"NI",1998,
"NI",1998,
"NI",1998,
"NI",1998,
"NI",1998,
"NI",1999,518399
"NI",2000,
"NI",2001,
"NI",2001,
"NI",2001,
"NI",2001,
"NI",2001,
"NI",2001,
"NI",2001,
"NI",2001,
"NI",2002,618352
"NI",2003,
"NI",2004,
"NI",2005,794878
"NI",2006,
"NI",2007,
"NI",2008,470910
"NI",2009,
"NI",2010,496799
"NI",2011,533115
"NI",2012,493304
"NI",2013,490969
"NI",2014,
"NI",2015,406822
"NI",2016,
"NI",2017,
"NE",1981,905526
"NE",1982,
"NE",1983,
"NE",1984,2862182
"NE",1985,
"NE",1986,
"NE",1987,3347935
"NE",1988,
"NE",1989,
"NE",1990,3773357
"NE",1991,
"NE",1992,
"NE",1993,5285088
"NE",1994,
"NE",1995,
"NE",1996,7171898
"NE",1997,
"NE",1998,
"NE",1999,7668210
"NE",2000,
"NE",2001,
"NE",2002,8602296
"NE",2003,
"NE",2004,
"NE",2005,10089014
"NE",2006,
"NE",2007,
"NE",2008,10489298
"NE",2009,
"NE",2010,10322605
"NE",2011,10942734
"NE",2012,10931043
"NE",2013,12096373
"NE",2014,
"NE",2015,13371240
"NE",2016,
"NE",2017,
"NG",1981,13788088
"NG",1982,
"NG",1983,
"NG",1984,25706098
"NG",1985,
"NG",1986,
"NG",1987,41045738
"NG",1988,
"NG",1989,
"NG",1990,36703058
"NG",1991,
"NG",1992,
"NG",1993,44999920
"NG",1994,
"NG",1995,
"NG",1996,58817687
"NG",1997,
"NG",1998,
"NG",1999,67376934
"NG",2000,
"NG",2001,
"NG",2002,75637536
"NG",2003,
"NG",2004,
"NG",2005,72378062
"NG",2006,
"NG",2007,
"NG",2008,84641762
"NG",2009,
"NG",2010,94218735
"NG",2011,100669695
"NG",2012,104945754
"NG",2013,110908341
"NG",2014,
"NG",2015,119274624
"NG",2016,
"NG",2017,
"NO",1981,9517
"NO",1982,
"NO",1983,
"NO",1984,9611
"NO",1985,
"NO",1986,
"NO",1987,9719
"NO",1988,
"NO",1989,
"NO",1990,9846
"NO",1991,
"NO",1992,
"NO",1993,10010
"NO",1994,
"NO",1995,
"NO",1996,10171
"NO",1997,
"NO",1998,
"NO",1999,10358
"NO",2000,
"NO",2001,
"NO",2002,10535
"NO",2003,
"NO",2004,
"NO",2005,9805
"NO",2006,
"NO",2007,
"NO",2008,11451
"NO",2009,
"NO",2010,0
"NO",2011,0
"NO",2012,12474
"NO",2013,12504
"NO",2014,
"NO",2015,12369
"NO",2016,
"NO",2017,
"PK",1981,20686412
"PK",1982,
"PK",1983,
"PK",1984,28118335
"PK",1985,
"PK",1986,
"PK",1987,33418437
"PK",1988,
"PK",1989,
"PK",1990,33241734
"PK",1991,
"PK",1992,
"PK",1993,20540135
"PK",1994,
"PK",1995,
"PK",1996,8635014
"PK",1997,
"PK",1998,
"PK",1999,14379694
"PK",2000,
"PK",2001,
"PK",2002,25262240
"PK",2003,
"PK",2004,
"PK",2005,22436028
"PK",2006,
"PK",2007,
"PK",2008,24563759
"PK",2009,
"PK",2010,27975588
"PK",2011,32803060
"PK",2012,33167353
"PK",2013,42428673
"PK",2014,
"PK",2015,45502986
"PK",2016,
"PK",2017,
"PA",1981,75796
"PA",1982,
"PA",1983,
"PA",1984,213813
"PA",1985,
"PA",1986,
"PA",1987,376831
"PA",1988,
"PA",1989,
"PA",1990,494439
"PA",1991,
"PA",1992,
"PA",1993,387058
"PA",1994,
"PA",1995,
"PA",1996,391754
"PA",1997,
"PA",1998,
"PA",1999,338026
"PA",2000,
"PA",2001,
"PA",2002,291230
"PA",2003,
"PA",2004,
"PA",2005,326873
"PA",2006,
"PA",2007,
"PA",2008,268396
"PA",2009,
"PA",2010,204500
"PA",2011,172924
"PA",2012,227203
"PA",2013,206057
"PA",2014,
"PA",2015,196268
"PA",2016,
"PA",2017,
"PG",1981,1369868
"PG",1982,
"PG",1983,
"PG",1984,1742673
"PG",1985,
"PG",1986,
"PG",1987,1999908
"PG",1988,
"PG",1989,
"PG",1990,2270722
"PG",1991,
"PG",1992,
"PG",1993,1996400
"PG",1994,
"PG",1995,
"PG",1996,2280404
"PG",1997,
"PG",1998,
"PG",1999,2575390
"PG",2000,
"PG",2001,
"PG",2002,2909069
"PG",2003,
"PG",2004,
"PG",2005,3145248
"PG",2006,
"PG",2007,
"PG",2008,3226055
"PG",2009,
"PG",2010,3029206
"PG",2011,3416646
"PG",2012,3524706
"PG",2013,3770191
"PG",2014,
"PG",2015,3564905
"PG",2016,
"PG",2017,
"PY",1981,8992
"PY",1982,
"PY",1983,
"PY",1984,11274
"PY",1985,
"PY",1986,
"PY",1987,12278
"PY",1988,
"PY",1989,
"PY",1990,11582
"PY",1991,
"PY",1992,
"PY",1993,244284
"PY",1994,
"PY",1995,
"PY",1996,443770
"PY",1997,
"PY",1998,
"PY",1999,398874
"PY",2000,
"PY",2001,
"PY",2002,603279
"PY",2003,
"PY",2004,
"PY",2005,344153
"PY",2006,
"PY",2007,
"PY",2008,295219
"PY",2009,
"PY",2010,421053
"PY",2011,466907
"PY",2012,355677
"PY",2013,264814
"PY",2014,
"PY",2015,326829
"PY",2016,
"PY",2017,
"PE",1981,56257
"PE",1982,
"PE",1983,
"PE",1984,137831
"PE",1985,
"PE",1986,
"PE",1987,189944
"PE",1988,
"PE",1989,
"PE",1990,1013026
"PE",1991,
"PE",1992,
"PE",1993,1687843
"PE",1994,
"PE",1995,
"PE",1996,3360640
"PE",1997,
"PE",1998,
"PE",1999,3455494
"PE",2000,
"PE",2001,
"PE",2002,3250127
"PE",2003,
"PE",2004,
"PE",2005,4146109
"PE",2006,
"PE",2007,
"PE",2008,2813652
"PE",2009,
"PE",2010,2022450
"PE",2011,2226410
"PE",2012,2234543
"PE",2013,2311695
"PE",2014,
"PE",2015,2405114
"PE",2016,
"PE",2017,
"PH",1981,1196433
"PH",1982,
"PH",1983,
"PH",1984,4186995
"PH",1985,
"PH",1986,
"PH",1987,6023572
"PH",1988,
"PH",1989,
"PH",1990,6399762
"PH",1991,
"PH",1992,
"PH",1993,8443473
"PH",1994,
"PH",1995,
"PH",1996,8617894
"PH",1997,
"PH",1998,
"PH",1999,6332314
"PH",2000,
"PH",2000,
"PH",2000,
"PH",2000,
"PH",2000,
"PH",2000,
"PH",2000,
"PH",2000,
"PH",2001,
"PH",2002,7056529
"PH",2003,
"PH",2003,
"PH",2003,
"PH",2003,
"PH",2003,
"PH",2003,
"PH",2003,
"PH",2003,
"PH",2004,
"PH",2005,11441646
"PH",2006,
"PH",2006,
"PH",2006,
"PH",2006,
"PH",2006,
"PH",2006,
"PH",2006,
"PH",2006,
"PH",2007,
"PH",2008,12340865
"PH",2009,
"PH",2009,
"PH",2009,
"PH",2009,
"PH",2009,
"PH",2009,
"PH",2009,
"PH",2009,
"PH",2010,15924978
"PH",2011,19661013
"PH",2012,21543994
"PH",2013,23331683
"PH",2014,
"PH",2015,23816418
"PH",2016,
"PH",2017,
"PL",1981,30375
"PL",1982,
"PL",1983,
"PL",1984,38328
"PL",1985,
"PL",1986,
"PL",1987,29396
"PL",1988,
"PL",1989,
"PL",1990,102905
"PL",1991,
"PL",1992,
"PL",1993,13760
"PL",1994,
"PL",1995,
"PL",1996,363211
"PL",1997,
"PL",1998,
"PL",1999,4522
"PL",2000,
"PL",2001,
"PL",2002,6345
"PL",2003,
"PL",2004,
"PL",2005,52692
"PL",2006,
"PL",2007,
"PL",2008,4816
"PL",2009,
"PL",2010,4578
"PL",2011,17508
"PL",2012,25179
"PL",2013,10839
"PL",2014,
"PL",2015,22494
"PL",2016,
"PL",2017,
"PT",1981,71038
"PT",1982,
"PT",1983,
"PT",1984,99678
"PT",1985,
"PT",1986,
"PT",1987,100015
"PT",1988,
"PT",1989,
"PT",1990,71989
"PT",1991,
"PT",1992,
"PT",1993,71855
"PT",1994,
"PT",1995,
"PT",1996,72571
"PT",1997,
"PT",1998,
"PT",1999,73681
"PT",2000,
"PT",2001,
"PT",2002,75136
"PT",2003,
"PT",2004,
"PT",2005,50925
"PT",2006,
"PT",2007,
"PT",2008,23161
"PT",2009,
"PT",2010,25461
"PT",2011,49424
"PT",2012,77513
"PT",2013,128096
"PT",2014,
"PT",2015,77641
"PT",2016,
"PT",2017,
"RO",1981,36818
"RO",1982,
"RO",1983,
"RO",1984,43020
"RO",1985,
"RO",1986,
"RO",1987,48922
"RO",1988,
"RO",1989,
"RO",1990,50447
"RO",1991,
"RO",1992,
"RO",1993,468033
"RO",1994,
"RO",1995,
"RO",1996,1091369
"RO",1997,
"RO",1998,
"RO",1999,670212
"RO",2000,
"RO",2001,
"RO",2002,745218
"RO",2003,
"RO",2004,
"RO",2005,418403
"RO",2006,
"RO",2006,
"RO",2006,
"RO",2006,
"RO",2006,
"RO",2006,
"RO",2006,
"RO",2006,
"RO",2007,
"RO",2007,
"RO",2007,
"RO",2007,
"RO",2007,
"RO",2007,
"RO",2007,
"RO",2007,
"RO",2008,0
"RO",2009,
"RO",2009,
"RO",2009,
"RO",2009,
"RO",2009,
"RO",2009,
"RO",2009,
"RO",2009,
"RO",2010,191508
"RO",2011,213800
"RO",2012,263453
"RO",2013,398303
"RO",2014,
"RO",2015,2028810
"RO",2016,
"RO",2017,
"RU",1981,0
"RU",1982,
"RU",1983,
"RU",1984,0
"RU",1985,
"RU",1986,
"RU",1987,0
"RU",1988,
"RU",1989,
"RU",1990,0
"RU",1991,
"RU",1992,
"RU",1993,0
"RU",1994,
"RU",1995,
"RU",1996,2254652
"RU",1997,
"RU",1998,
"RU",1999,2748549
"RU",2000,
"RU",2001,
"RU",2002,557317
"RU",2003,
"RU",2004,
"RU",2005,717708
"RU",2006,
"RU",2007,
"RU",2008,116445
"RU",2009,
"RU",2010,134924
"RU",2011,94969
"RU",2012,98842
"RU",2013,86752
"RU",2014,
"RU",2015,158638
"RU",2016,
"RU",2017,
"RW",1981,479276
"RW",1982,
"RW",1983,
"RW",1984,1387520
"RW",1985,
"RW",1986,
"RW",1987,2444964
"RW",1988,
"RW",1989,
"RW",1990,3049457
"RW",1991,
"RW",1992,
"RW",1993,2844336
"RW",1994,
"RW",1995,
"RW",1996,4181971
"RW",1997,
"RW",1998,
"RW",1999,5190049
"RW",2000,
"RW",2001,
"RW",2002,5600765
"RW",2003,
"RW",2004,
"RW",2005,6078309
"RW",2006,
"RW",2007,
"RW",2008,6542511
"RW",2009,
"RW",2010,7091812
"RW",2011,7518808
"RW",2012,7652350
"RW",2013,8040930
"RW",2014,
"RW",2015,8225155
"RW",2016,
"RW",2017,
"WS",1981,380
"WS",1982,
"WS",1983,
"WS",1984,1818
"WS",1985,
"WS",1986,
"WS",1987,1838
"WS",1988,
"WS",1989,
"WS",1990,1859
"WS",1991,
"WS",1992,
"WS",1993,2435
"WS",1994,
"WS",1995,
"WS",1996,3410
"WS",1997,
"WS",1998,
"WS",1999,2781
"WS",2000,
"WS",2001,
"WS",2002,2016
"WS",2003,
"WS",2004,
"WS",2005,2054
"WS",2006,
"WS",2007,
"WS",2008,2095
"WS",2009,
"WS",2010,3915
"WS",2011,4538
"WS",2012,5583
"WS",2013,8607
"WS",2014,
"WS",2015,10153
"WS",2016,
"WS",2017,
"SN",1981,2323259
"SN",1982,
"SN",1983,
"SN",1984,3038940
"SN",1985,
"SN",1986,
"SN",1987,3515730
"SN",1988,
"SN",1989,
"SN",1990,4035640
"SN",1991,
"SN",1992,
"SN",1993,3708453
"SN",1994,
"SN",1995,
"SN",1996,3886144
"SN",1997,
"SN",1998,
"SN",1999,3694301
"SN",2000,
"SN",2001,
"SN",2002,4183301
"SN",2003,
"SN",2004,
"SN",2005,4252065
"SN",2006,
"SN",2007,
"SN",2008,4896891
"SN",2009,
"SN",2010,5684090
"SN",2011,6429487
"SN",2012,6857469
"SN",2013,7508801
"SN",2014,
"SN",2015,8108258
"SN",2016,
"SN",2017,
"SC",1981,369
"SC",1982,
"SC",1983,
"SC",1984,726
"SC",1985,
"SC",1986,
"SC",1987,769
"SC",1988,
"SC",1989,
"SC",1990,401
"SC",1991,
"SC",1992,
"SC",1993,88
"SC",1994,
"SC",1995,
"SC",1996,440
"SC",1997,
"SC",1998,
"SC",1999,98
"SC",2000,
"SC",2001,
"SC",2002,423
"SC",2003,
"SC",2004,
"SC",2005,415
"SC",2006,
"SC",2007,
"SC",2008,324
"SC",2009,
"SC",2010,1415
"SC",2011,1325
"SC",2012,1265
"SC",2013,1363
"SC",2014,
"SC",2015,1473
"SC",2016,
"SC",2017,
"SL",1981,1702977
"SL",1982,
"SL",1983,
"SL",1984,1950760
"SL",1985,
"SL",1986,
"SL",1987,2260059
"SL",1988,
"SL",1989,
"SL",1990,2480585
"SL",1991,
"SL",1992,
"SL",1993,2483313
"SL",1994,
"SL",1995,
"SL",1996,2591428
"SL",1997,
"SL",1998,
"SL",1999,2788876
"SL",2000,
"SL",2001,
"SL",2002,2843177
"SL",2003,
"SL",2004,
"SL",2005,3333469
"SL",2006,
"SL",2007,
"SL",2008,3650890
"SL",2009,
"SL",2010,3986266
"SL",2011,4271320
"SL",2012,4016303
"SL",2013,3611687
"SL",2014,
"SL",2015,5072885
"SL",2016,
"SL",2017,
"SK",1981,0
"SK",1982,
"SK",1983,
"SK",1984,0
"SK",1985,
"SK",1986,
"SK",1987,0
"SK",1988,
"SK",1989,
"SK",1990,0
"SK",1991,
"SK",1992,
"SK",1993,9711
"SK",1994,
"SK",1995,
"SK",1996,7337
"SK",1997,
"SK",1998,
"SK",1999,4437
"SK",2000,
"SK",2001,
"SK",2002,2711
"SK",2003,
"SK",2004,
"SK",2005,2447
"SK",2006,
"SK",2007,
"SK",2008,0
"SK",2009,
"SK",2010,26693
"SK",2011,25005
"SK",2012,23629
"SK",2013,23803
"SK",2014,
"SK",2015,40155
"SK",2016,
"SK",2017,
"ZA",1981,526118
"ZA",1982,
"ZA",1983,
"ZA",1984,2683941
"ZA",1985,
"ZA",1986,
"ZA",1987,4618738
"ZA",1988,
"ZA",1989,
"ZA",1990,4884752
"ZA",1991,
"ZA",1992,
"ZA",1993,7027187
"ZA",1994,
"ZA",1995,
"ZA",1996,10823598
"ZA",1997,
"ZA",1998,
"ZA",1999,11695381
"ZA",2000,
"ZA",2001,
"ZA",2002,11959550
"ZA",2003,
"ZA",2004,
"ZA",2005,11454365
"ZA",2006,
"ZA",2007,
"ZA",2008,9330690
"ZA",2009,
"ZA",2010,10503277
"ZA",2011,11873561
"ZA",2012,12934208
"ZA",2013,14422761
"ZA",2014,
"ZA",2015,16890602
"ZA",2016,
"ZA",2017,
"ES",1981,281739
"ES",1982,
"ES",1983,
"ES",1984,286005
"ES",1985,
"ES",1986,
"ES",1987,288649
"ES",1988,
"ES",1989,
"ES",1990,290011
"ES",1991,
"ES",1992,
"ES",1993,293697
"ES",1994,
"ES",1995,
"ES",1996,297641
"ES",1997,
"ES",1998,
"ES",1999,301349
"ES",2000,
"ES",2001,
"ES",2002,309144
"ES",2003,
"ES",2004,
"ES",2005,324626
"ES",2006,
"ES",2007,
"ES",2008,226957
"ES",2009,
"ES",2010,349100
"ES",2011,582311
"ES",2012,466814
"ES",2013,694832
"ES",2014,
"ES",2015,572518
"ES",2016,
"ES",2017,
"LK",1981,292539
"LK",1982,
"LK",1983,
"LK",1984,345985
"LK",1985,
"LK",1986,
"LK",1987,395514
"LK",1988,
"LK",1989,
"LK",1990,332627
"LK",1991,
"LK",1992,
"LK",1993,347433
"LK",1994,
"LK",1995,
"LK",1996,746737
"LK",1997,
"LK",1998,
"LK",1999,623790
"LK",2000,
"LK",2001,
"LK",2002,818317
"LK",2003,
"LK",2004,
"LK",2005,900495
"LK",2006,
"LK",2007,
"LK",2008,666590
"LK",2009,
"LK",2010,772456
"LK",2011,944452
"LK",2012,1192844
"LK",2013,1240363
"LK",2014,
"LK",2015,1019076
"LK",2016,
"LK",2017,
"LC",1981,42688
"LC",1982,
"LC",1983,
"LC",1984,48188
"LC",1985,
"LC",1986,
"LC",1987,43319
"LC",1988,
"LC",1989,
"LC",1990,32014
"LC",1991,
"LC",1992,
"LC",1993,32814
"LC",1994,
"LC",1995,
"LC",1996,38300
"LC",1997,
"LC",1998,
"LC",1999,38308
"LC",2000,
"LC",2001,
"LC",2002,47846
"LC",2003,
"LC",2004,
"LC",2005,51140
"LC",2006,
"LC",2007,
"LC",2008,50588
"LC",2009,
"LC",2010,58881
"LC",2011,62725
"LC",2012,67078
"LC",2013,73119
"LC",2014,
"LC",2015,79253
"LC",2016,
"LC",2017,
"SD",1981,1914872
"SD",1982,
"SD",1983,
"SD",1984,3737601
"SD",1985,
"SD",1986,
"SD",1987,4595606
"SD",1988,
"SD",1989,
"SD",1990,5497633
"SD",1991,
"SD",1992,
"SD",1993,5500256
"SD",1994,
"SD",1995,
"SD",1996,6756440
"SD",1997,
"SD",1998,
"SD",1999,6352274
"SD",2000,
"SD",2001,
"SD",2002,6291915
"SD",2003,
"SD",2004,
"SD",2005,7043258
"SD",2006,
"SD",2007,
"SD",2008,5558307
"SD",2009,
"SD",2010,6545736
"SD",2011,6555099
"SD",2012,5595176
"SD",2013,6230861
"SD",2014,
"SD",2015,7028791
"SD",2016,
"SD",2017,
"SR",1981,54918
"SR",1982,
"SR",1983,
"SR",1984,61970
"SR",1985,
"SR",1986,
"SR",1987,74303
"SR",1988,
"SR",1989,
"SR",1990,72624
"SR",1991,
"SR",1992,
"SR",1993,84455
"SR",1994,
"SR",1995,
"SR",1996,95087
"SR",1997,
"SR",1998,
"SR",1999,97453
"SR",2000,
"SR",2001,
"SR",2002,102061
"SR",2003,
"SR",2004,
"SR",2005,101460
"SR",2006,
"SR",2007,
"SR",2008,101170
"SR",2009,
"SR",2010,106983
"SR",2011,110931
"SR",2012,112076
"SR",2013,114632
"SR",2014,
"SR",2015,118450
"SR",2016,
"SR",2017,
"SE",1981,19797
"SE",1982,
"SE",1983,
"SE",1984,19836
"SE",1985,
"SE",1986,
"SE",1987,19981
"SE",1988,
"SE",1989,
"SE",1990,20364
"SE",1991,
"SE",1992,
"SE",1993,20744
"SE",1994,
"SE",1995,
"SE",1996,21036
"SE",1997,
"SE",1998,
"SE",1999,21076
"SE",2000,
"SE",2001,
"SE",2002,21236
"SE",2003,
"SE",2004,
"SE",2005,78357
"SE",2006,
"SE",2007,
"SE",2008,45041
"SE",2009,
"SE",2010,46032
"SE",2011,70294
"SE",2012,45193
"SE",2013,70490
"SE",2014,
"SE",2015,68788
"SE",2016,
"SE",2017,
"CH",1981,0
"CH",1982,
"CH",1983,
"CH",1984,0
"CH",1985,
"CH",1986,
"CH",1987,0
"CH",1988,
"CH",1989,
"CH",1990,0
"CH",1991,
"CH",1992,
"CH",1993,0
"CH",1994,
"CH",1995,
"CH",1996,0
"CH",1997,
"CH",1998,
"CH",1999,0
"CH",2000,
"CH",2001,
"CH",2002,0
"CH",2003,
"CH",2004,
"CH",2005,0
"CH",2006,
"CH",2007,
"CH",2008,0
"CH",2009,
"CH",2010,0
"CH",2011,0
"CH",2012,0
"CH",2013,0
"CH",2014,
"CH",2015,0
"CH",2016,
"CH",2017,
"SY",1981,4873
"SY",1982,
"SY",1983,
"SY",1984,61203
"SY",1985,
"SY",1986,
"SY",1987,169146
"SY",1988,
"SY",1989,
"SY",1990,163749
"SY",1991,
"SY",1992,
"SY",1993,90494
"SY",1994,
"SY",1995,
"SY",1996,102938
"SY",1997,
"SY",1998,
"SY",1999,157712
"SY",2000,
"SY",2001,
"SY",2002,157104
"SY",2003,
"SY",2004,
"SY",2005,227196
"SY",2006,
"SY",2007,
"SY",2008,243499
"SY",2009,
"SY",2010,215160
"SY",2011,443452
"SY",2012,1549532
"SY",2013,3493607
"SY",2014,
"SY",2015,8263463
"SY",2016,
"SY",2017,
"TZ",1981,5199460
"TZ",1982,
"TZ",1983,
"TZ",1984,7571177
"TZ",1985,
"TZ",1986,
"TZ",1987,9144518
"TZ",1988,
"TZ",1989,
"TZ",1990,11925653
"TZ",1991,
"TZ",1992,
"TZ",1993,15876652
"TZ",1994,
"TZ",1995,
"TZ",1996,21840200
"TZ",1997,
"TZ",1998,
"TZ",1999,25558874
"TZ",2000,
"TZ",2001,
"TZ",2002,26861620
"TZ",2003,
"TZ",2004,
"TZ",2005,25878844
"TZ",2006,
"TZ",2007,
"TZ",2008,26576644
"TZ",2009,
"TZ",2010,28513366
"TZ",2011,29849913
"TZ",2012,31228595
"TZ",2013,32849818
"TZ",2014,
"TZ",2015,34608740
"TZ",2016,
"TZ",2017,
"TH",1981,1023650
"TH",1982,
"TH",1983,
"TH",1984,1714403
"TH",1985,
"TH",1986,
"TH",1987,1758516
"TH",1988,
"TH",1989,
"TH",1990,1004673
"TH",1991,
"TH",1992,
"TH",1993,553314
"TH",1994,
"TH",1995,
"TH",1996,414082
"TH",1997,
"TH",1998,
"TH",1999,510430
"TH",2000,
"TH",2001,
"TH",2002,371209
"TH",2003,
"TH",2004,
"TH",2005,385335
"TH",2006,
"TH",2007,
"TH",2008,158734
"TH",2009,
"TH",2010,208933
"TH",2011,104310
"TH",2012,203027
"TH",2013,150398
"TH",2014,
"TH",2015,156900
"TH",2016,
"TH",2017,
"TL",1981,304208
"TL",1982,
"TL",1983,
"TL",1984,351461
"TL",1985,
"TL",1986,
"TL",1987,495355
"TL",1988,
"TL",1989,
"TL",1990,517794
"TL",1991,
"TL",1992,
"TL",1993,550762
"TL",1994,
"TL",1995,
"TL",1996,616712
"TL",1997,
"TL",1998,
"TL",1999,587032
"TL",2000,
"TL",2001,
"TL",2002,331850
"TL",2003,
"TL",2004,
"TL",2005,471648
"TL",2006,
"TL",2007,
"TL",2008,561445
"TL",2009,
"TL",2010,498821
"TL",2011,588337
"TL",2012,629789
"TL",2013,686320
"TL",2014,
"TL",2015,762120
"TL",2016,
"TL",2017,
"TG",1981,272541
"TG",1982,
"TG",1983,
"TG",1984,709551
"TG",1985,
"TG",1986,
"TG",1987,1021085
"TG",1988,
"TG",1989,
"TG",1990,1064703
"TG",1991,
"TG",1992,
"TG",1993,1859564
"TG",1994,
"TG",1995,
"TG",1996,1728343
"TG",1997,
"TG",1998,
"TG",1999,1815169
"TG",2000,
"TG",2001,
"TG",2002,2515896
"TG",2003,
"TG",2004,
"TG",2005,3123610
"TG",2006,
"TG",2007,
"TG",2008,3596958
"TG",2009,
"TG",2010,3942059
"TG",2011,4148087
"TG",2012,4298744
"TG",2013,4543059
"TG",2014,
"TG",2015,4821415
"TG",2016,
"TG",2017,
"TO",1981,1501
"TO",1982,
"TO",1983,
"TO",1984,1895
"TO",1985,
"TO",1986,
"TO",1987,1906
"TO",1988,
"TO",1989,
"TO",1990,1921
"TO",1991,
"TO",1992,
"TO",1993,1931
"TO",1994,
"TO",1995,
"TO",1996,1946
"TO",1997,
"TO",1998,
"TO",1999,1904
"TO",2000,
"TO",2001,
"TO",2002,1687
"TO",2003,
"TO",2004,
"TO",2005,1659
"TO",2006,
"TO",2007,
"TO",2008,1645
"TO",2009,
"TO",2010,1431
"TO",2011,2211
"TO",2012,2390
"TO",2013,3834
"TO",2014,
"TO",2015,3872
"TO",2016,
"TO",2017,
"TT",1981,0
"TT",1982,
"TT",1983,
"TT",1984,0
"TT",1985,
"TT",1986,
"TT",1987,0
"TT",1988,
"TT",1989,
"TT",1990,9464
"TT",1991,
"TT",1992,
"TT",1993,12387
"TT",1994,
"TT",1995,
"TT",1996,18790
"TT",1997,
"TT",1998,
"TT",1999,5270
"TT",2000,
"TT",2001,
"TT",2002,3706
"TT",2003,
"TT",2004,
"TT",2005,14405
"TT",2006,
"TT",2007,
"TT",2008,8328
"TT",2009,
"TT",2010,10789
"TT",2011,11292
"TT",2012,11244
"TT",2013,21946
"TT",2014,
"TT",2015,21732
"TT",2016,
"TT",2017,
"TN",1981,133574
"TN",1982,
"TN",1983,
"TN",1984,240836
"TN",1985,
"TN",1986,
"TN",1987,349289
"TN",1988,
"TN",1989,
"TN",1990,265090
"TN",1991,
"TN",1992,
"TN",1993,333119
"TN",1994,
"TN",1995,
"TN",1996,464634
"TN",1997,
"TN",1998,
"TN",1999,275010
"TN",2000,
"TN",2001,
"TN",2002,249668
"TN",2003,
"TN",2004,
"TN",2005,305477
"TN",2006,
"TN",2007,
"TN",2008,304736
"TN",2009,
"TN",2010,322536
"TN",2011,334992
"TN",2012,309407
"TN",2013,308020
"TN",2014,
"TN",2015,361125
"TN",2016,
"TN",2017,
"TR",1981,259704
"TR",1982,
"TR",1983,
"TR",1984,305394
"TR",1985,
"TR",1986,
"TR",1987,233580
"TR",1988,
"TR",1989,
"TR",1990,269091
"TR",1991,
"TR",1992,
"TR",1993,308607
"TR",1994,
"TR",1995,
"TR",1996,455340
"TR",1997,
"TR",1998,
"TR",1999,287408
"TR",2000,
"TR",2001,
"TR",2002,485761
"TR",2003,
"TR",2004,
"TR",2005,1610015
"TR",2006,
"TR",2007,
"TR",2008,646416
"TR",2009,
"TR",2010,1035130
"TR",2011,858529
"TR",2012,826770
"TR",2013,942600
"TR",2014,
"TR",2015,1137039
"TR",2016,
"TR",2017,
"UA",1981,76685
"UA",1982,
"UA",1983,
"UA",1984,137985
"UA",1985,
"UA",1986,
"UA",1987,200580
"UA",1988,
"UA",1989,
"UA",1990,237709
"UA",1991,
"UA",1992,
"UA",1993,195502
"UA",1994,
"UA",1995,
"UA",1996,1735086
"UA",1997,
"UA",1998,
"UA",1999,1770753
"UA",2000,
"UA",2001,
"UA",2002,422395
"UA",2003,
"UA",2004,
"UA",2005,120432
"UA",2006,
"UA",2007,
"UA",2008,12407
"UA",2009,
"UA",2010,11722
"UA",2011,7421
"UA",2012,58098
"UA",2013,20104
"UA",2014,
"UA",2015,123307
"UA",2016,
"UA",2017,
"GB",1981,277905
"GB",1982,
"GB",1983,
"GB",1984,278341
"GB",1985,
"GB",1986,
"GB",1987,280215
"GB",1988,
"GB",1989,
"GB",1990,282413
"GB",1991,
"GB",1992,
"GB",1993,284737
"GB",1994,
"GB",1995,
"GB",1996,286949
"GB",1997,
"GB",1998,
"GB",1999,141172
"GB",2000,
"GB",2001,
"GB",2002,142827
"GB",2003,
"GB",2004,
"GB",2005,301257
"GB",2006,
"GB",2007,
"GB",2008,144091
"GB",2009,
"GB",2010,151132
"GB",2011,313799
"GB",2012,157844
"GB",2013,153947
"GB",2014,
"GB",2015,149278
"GB",2016,
"GB",2017,
"US",1981,1145720
"US",1982,
"US",1983,
"US",1984,1177330
"US",1985,
"US",1986,
"US",1987,1209428
"US",1988,
"US",1989,
"US",1990,1245797
"US",1991,
"US",1992,
"US",1993,1297857
"US",1994,
"US",1995,
"US",1996,1789497
"US",1997,
"US",1998,
"US",1999,2087591
"US",2000,
"US",2001,
"US",2002,2510972
"US",2003,
"US",2004,
"US",2005,2949351
"US",2006,
"US",2007,
"US",2008,3037700
"US",2009,
"US",2010,3862840
"US",2011,3890703
"US",2012,3918800
"US",2013,3945279
"US",2014,
"US",2015,4004844
"US",2016,
"US",2017,
"UY",1981,0
"UY",1982,
"UY",1983,
"UY",1984,3898
"UY",1985,
"UY",1986,
"UY",1987,4428
"UY",1988,
"UY",1989,
"UY",1990,8100
"UY",1991,
"UY",1992,
"UY",1993,5670
"UY",1994,
"UY",1995,
"UY",1996,6839
"UY",1997,
"UY",1998,
"UY",1999,5567
"UY",2000,
"UY",2001,
"UY",2002,18003
"UY",2003,
"UY",2004,
"UY",2005,17730
"UY",2006,
"UY",2007,
"UY",2008,7293
"UY",2009,
"UY",2010,6443
"UY",2011,8309
"UY",2012,10152
"UY",2013,13734
"UY",2014,
"UY",2015,12128
"UY",2016,
"UY",2017,
"UZ",1981,2229598
"UZ",1982,
"UZ",1983,
"UZ",1984,3261817
"UZ",1985,
"UZ",1986,
"UZ",1987,3717190
"UZ",1988,
"UZ",1989,
"UZ",1990,3612311
"UZ",1991,
"UZ",1992,
"UZ",1993,5516486
"UZ",1994,
"UZ",1995,
"UZ",1996,7640463
"UZ",1997,
"UZ",1998,
"UZ",1999,9645837
"UZ",2000,
"UZ",2001,
"UZ",2002,11700498
"UZ",2003,
"UZ",2004,
"UZ",2005,13619989
"UZ",2006,
"UZ",2007,
"UZ",2008,11420182
"UZ",2009,
"UZ",2010,10951855
"UZ",2011,11593291
"UZ",2012,11061343
"UZ",2013,11237684
"UZ",2014,
"UZ",2015,10344747
"UZ",2016,
"UZ",2017,
"VU",1981,4236
"VU",1982,
"VU",1983,
"VU",1984,2817
"VU",1985,
"VU",1986,
"VU",1987,6909
"VU",1988,
"VU",1989,
"VU",1990,6634
"VU",1991,
"VU",1992,
"VU",1993,8530
"VU",1994,
"VU",1995,
"VU",1996,11204
"VU",1997,
"VU",1998,
"VU",1999,11213
"VU",2000,
"VU",2001,
"VU",2002,18230
"VU",2003,
"VU",2004,
"VU",2005,25165
"VU",2006,
"VU",2007,
"VU",2008,35038
"VU",2009,
"VU",2010,42479
"VU",2011,51156
"VU",2012,56082
"VU",2013,63985
"VU",2014,
"VU",2015,76021
"VU",2016,
"VU",2017,
"VE",1981,0
"VE",1982,
"VE",1983,
"VE",1984,55806
"VE",1985,
"VE",1986,
"VE",1987,0
"VE",1988,
"VE",1989,
"VE",1990,1022993
"VE",1991,
"VE",1992,
"VE",1993,891714
"VE",1994,
"VE",1995,
"VE",1996,2025188
"VE",1997,
"VE",1998,
"VE",1999,2164840
"VE",2000,
"VE",2001,
"VE",2002,3941746
"VE",2003,
"VE",2004,
"VE",2005,4989766
"VE",2006,
"VE",2007,
"VE",2008,2564888
"VE",2009,
"VE",2010,3019255
"VE",2011,3175739
"VE",2012,3187496
"VE",2013,3295589
"VE",2014,
"VE",2015,3680331
"VE",2016,
"VE",2017,
"VN",1981,23464591
"VN",1982,
"VN",1983,
"VN",1984,23411916
"VN",1985,
"VN",1986,
"VN",1987,27879514
"VN",1988,
"VN",1989,
"VN",1990,24308867
"VN",1991,
"VN",1992,
"VN",1993,19701245
"VN",1994,
"VN",1995,
"VN",1996,18159629
"VN",1997,
"VN",1998,
"VN",1999,16213943
"VN",2000,
"VN",2001,
"VN",2002,22226770
"VN",2003,
"VN",2004,
"VN",2005,18110270
"VN",2006,
"VN",2007,
"VN",2008,14367577
"VN",2009,
"VN",2010,5393516
"VN",2011,5640151
"VN",2012,5071897
"VN",2013,5835928
"VN",2014,
"VN",2015,5557234
"VN",2016,
"VN",2017,
"YE",1981,326864
"YE",1982,
"YE",1983,
"YE",1984,645860
"YE",1985,
"YE",1986,
"YE",1987,334906
"YE",1988,
"YE",1989,
"YE",1990,373161
"YE",1991,
"YE",1992,
"YE",1993,444538
"YE",1994,
"YE",1995,
"YE",1996,675726
"YE",1997,
"YE",1998,
"YE",1999,671886
"YE",2000,
"YE",2001,
"YE",2002,1013837
"YE",2003,
"YE",2004,
"YE",2005,1875973
"YE",2006,
"YE",2007,
"YE",2008,2807567
"YE",2009,
"YE",2010,3333794
"YE",2011,6594672
"YE",2012,7440824
"YE",2013,8163057
"YE",2014,
"YE",2015,17196205
"YE",2016,
"YE",2017,
"ZM",1981,2073454
"ZM",1982,
"ZM",1983,
"ZM",1984,2722615
"ZM",1985,
"ZM",1986,
"ZM",1987,3226483
"ZM",1988,
"ZM",1989,
"ZM",1990,3571082
"ZM",1991,
"ZM",1992,
"ZM",1993,3635602
"ZM",1994,
"ZM",1995,
"ZM",1996,2912323
"ZM",1997,
"ZM",1998,
"ZM",1999,3530517
"ZM",2000,
"ZM",2001,
"ZM",2002,4584470
"ZM",2003,
"ZM",2004,
"ZM",2005,6832719
"ZM",2006,
"ZM",2007,
"ZM",2008,8420679
"ZM",2009,
"ZM",2010,9500188
"ZM",2011,9834198
"ZM",2012,9932884
"ZM",2013,10303783
"ZM",2014,
"ZM",2015,10977395
"ZM",2016,
"ZM",2017,
"ZW",1981,0
"ZW",1982,
"ZW",1983,
"ZW",1984,14045
"ZW",1985,
"ZW",1986,
"ZW",1987,73472
"ZW",1988,
"ZW",1989,
"ZW",1990,16071
"ZW",1991,
"ZW",1992,
"ZW",1993,121999
"ZW",1994,
"ZW",1995,
"ZW",1996,97462
"ZW",1997,
"ZW",1998,
"ZW",1999,119110
"ZW",2000,
"ZW",2001,
"ZW",2002,630162
"ZW",2003,
"ZW",2004,
"ZW",2005,2667328
"ZW",2006,
"ZW",2007,
"ZW",2008,5295080
"ZW",2009,
"ZW",2010,4594472
"ZW",2011,4306003
"ZW",2012,3838737
"ZW",2013,4143015
"ZW",2014,
"ZW",2015,4876200
"ZW",2016,
"ZW",2017,
"BA",1981,
"BA",1982,
"BA",1983,
"BA",1984,28022
"BA",1985,
"BA",1986,
"BA",1987,29486
"BA",1988,
"BA",1989,
"BA",1990,64891
"BA",1991,
"BA",1992,
"BA",1993,341583
"BA",1994,
"BA",1995,
"BA",1996,27281
"BA",1997,
"BA",1998,
"BA",1999,11201
"BA",2000,
"BA",2001,
"BA",2002,9552
"BA",2003,
"BA",2004,
"BA",2005,4883
"BA",2006,
"BA",2007,
"BA",2008,2350
"BA",2009,
"BA",2010,3955
"BA",2011,5069
"BA",2012,8382
"BA",2013,11165
"BA",2014,
"BA",2015,14479
"BA",2016,
"BA",2017,
"LA",1981,
"LA",1982,
"LA",1983,
"LA",1984,412711
"LA",1985,
"LA",1986,
"LA",1987,642486
"LA",1988,
"LA",1989,
"LA",1990,488012
"LA",1991,
"LA",1992,
"LA",1993,688011
"LA",1994,
"LA",1995,
"LA",1996,1570566
"LA",1997,
"LA",1998,
"LA",1999,1576186
"LA",2000,
"LA",2001,
"LA",2002,1338439
"LA",2003,
"LA",2004,
"LA",2005,1663900
"LA",2006,
"LA",2007,
"LA",2008,1817387
"LA",2009,
"LA",2010,2029347
"LA",2011,2273618
"LA",2012,2363827
"LA",2013,2432297
"LA",2014,
"LA",2015,2237681
"LA",2016,
"LA",2017,
"MK",1981,
"MK",1982,
"MK",1983,
"MK",1984,0
"MK",1985,
"MK",1986,
"MK",1987,0
"MK",1988,
"MK",1989,
"MK",1990,0
"MK",1991,
"MK",1992,
"MK",1993,0
"MK",1994,
"MK",1995,
"MK",1996,0
"MK",1997,
"MK",1998,
"MK",1999,33008
"MK",2000,
"MK",2001,
"MK",2002,16232
"MK",2003,
"MK",2004,
"MK",2005,26248
"MK",2006,
"MK",2007,
"MK",2008,13360
"MK",2009,
"MK",2010,228260
"MK",2011,249116
"MK",2012,208167
"MK",2013,188110
"MK",2014,
"MK",2015,146569
"MK",2016,
"MK",2017,
"MD",1981,
"MD",1982,
"MD",1983,
"MD",1984,74454
"MD",1985,
"MD",1986,
"MD",1987,90200
"MD",1988,
"MD",1989,
"MD",1990,52295
"MD",1991,
"MD",1992,
"MD",1993,187411
"MD",1994,
"MD",1995,
"MD",1996,429752
"MD",1997,
"MD",1998,
"MD",1999,997319
"MD",2000,
"MD",2001,
"MD",2002,407592
"MD",2003,
"MD",2004,
"MD",2005,473358
"MD",2006,
"MD",2007,
"MD",2008,52858
"MD",2009,
"MD",2010,32901
"MD",2011,32602
"MD",2012,29565
"MD",2013,13980
"MD",2014,
"MD",2015,16067
"MD",2016,
"MD",2017,
"ME",1981,
"ME",1982,
"ME",1983,
"ME",1984,0
"ME",1985,
"ME",1986,
"ME",1987,0
"ME",1988,
"ME",1989,
"ME",1990,0
"ME",1991,
"ME",1992,
"ME",1993,1394
"ME",1994,
"ME",1995,
"ME",1996,1396
"ME",1997,
"ME",1998,
"ME",1999,1384
"ME",2000,
"ME",2001,
"ME",2002,1393
"ME",2003,
"ME",2004,
"ME",2005,1403
"ME",2006,
"ME",2007,
"ME",2008,1159
"ME",2009,
"ME",2010,0
"ME",2011,2235
"ME",2012,9321
"ME",2013,12018
"ME",2014,
"ME",2015,463
"ME",2016,
"ME",2017,
"RS",1981,
"RS",1982,
"RS",1983,
"RS",1984,271
"RS",1985,
"RS",1986,
"RS",1987,274
"RS",1988,
"RS",1989,
"RS",1990,275
"RS",1991,
"RS",1992,
"RS",1993,14064
"RS",1994,
"RS",1995,
"RS",1996,13544
"RS",1997,
"RS",1998,
"RS",1999,13406
"RS",2000,
"RS",2001,
"RS",2002,6370
"RS",2003,
"RS",2004,
"RS",2005,62857
"RS",2006,
"RS",2007,
"RS",2008,9243
"RS",2009,
"RS",2010,22201
"RS",2011,27722
"RS",2012,520764
"RS",2013,58169
"RS",2014,
"RS",2015,35813
"RS",2016,
"RS",2017,
"SI",1981,
"SI",1982,
"SI",1983,
"SI",1984,459
"SI",1985,
"SI",1986,
"SI",1987,522
"SI",1988,
"SI",1989,
"SI",1990,581
"SI",1991,
"SI",1992,
"SI",1993,623
"SI",1994,
"SI",1995,
"SI",1996,435
"SI",1997,
"SI",1998,
"SI",1999,311
"SI",2000,
"SI",2001,
"SI",2002,0
"SI",2003,
"SI",2004,
"SI",2005,0
"SI",2006,
"SI",2007,
"SI",2008,0
"SI",2009,
"SI",2010,0
"SI",2011,0
"SI",2012,0
"SI",2013,0
"SI",2014,
"SI",2015,0
"SI",2016,
"SI",2017,
"TJ",1981,
"TJ",1982,
"TJ",1983,
"TJ",1984,14404
"TJ",1985,
"TJ",1986,
"TJ",1987,17935
"TJ",1988,
"TJ",1989,
"TJ",1990,23702
"TJ",1991,
"TJ",1992,
"TJ",1993,604662
"TJ",1994,
"TJ",1995,
"TJ",1996,3481651
"TJ",1997,
"TJ",1998,
"TJ",1999,2272400
"TJ",2000,
"TJ",2001,
"TJ",2002,1556340
"TJ",2003,
"TJ",2004,
"TJ",2005,845735
"TJ",2006,
"TJ",2007,
"TJ",2008,614589
"TJ",2009,
"TJ",2010,552579
"TJ",2011,705148
"TJ",2012,820092
"TJ",2013,977010
"TJ",2014,
"TJ",2015,1085176
"TJ",2016,
"TJ",2017,
"TM",1981,
"TM",1982,
"TM",1983,
"TM",1984,525296
"TM",1985,
"TM",1986,
"TM",1987,564999
"TM",1988,
"TM",1989,
"TM",1990,265157
"TM",1991,
"TM",1992,
"TM",1993,700818
"TM",1994,
"TM",1995,
"TM",1996,1497224
"TM",1997,
"TM",1998,
"TM",1999,1452530
"TM",2000,
"TM",2001,
"TM",2002,1489678
"TM",2003,
"TM",2004,
"TM",2005,1405086
"TM",2006,
"TM",2007,
"TM",2008,936111
"TM",2009,
"TM",2010,865307
"TM",2011,777911
"TM",2012,693079
"TM",2013,674588
"TM",2014,
"TM",2015,586529
"TM",2016,
"TM",2017,
"UG",1981,
"UG",1982,
"UG",1983,
"UG",1984,4771655
"UG",1985,
"UG",1986,
"UG",1987,6652511
"UG",1988,
"UG",1989,
"UG",1990,6760138
"UG",1991,
"UG",1992,
"UG",1993,8220060
"UG",1994,
"UG",1995,
"UG",1996,10232299
"UG",1997,
"UG",1998,
"UG",1999,12194198
"UG",2000,
"UG",2001,
"UG",2002,14472641
"UG",2003,
"UG",2004,
"UG",2005,15976460
"UG",2006,
"UG",2007,
"UG",2008,15512887
"UG",2009,
"UG",2010,16765685
"UG",2011,17436644
"UG",2012,18309365
"UG",2013,20515349
"UG",2014,
"UG",2015,23920947
"UG",2016,
"UG",2017,
"FM",1981,
"FM",1982,
"FM",1983,
"FM",1984,
"FM",1985,
"FM",1986,
"FM",1987,4403
"FM",1988,
"FM",1989,
"FM",1990,4049
"FM",1991,
"FM",1992,
"FM",1993,2832
"FM",1994,
"FM",1995,
"FM",1996,5299
"FM",1997,
"FM",1998,
"FM",1999,5870
"FM",2000,
"FM",2001,
"FM",2002,5382
"FM",2003,
"FM",2004,
"FM",2005,8453
"FM",2006,
"FM",2007,
"FM",2008,13182
"FM",2009,
"FM",2010,16239
"FM",2011,18536
"FM",2012,21890
"FM",2013,28822
"FM",2014,
"FM",2015,30529
"FM",2016,
"FM",2017,
"DJ",1981,
"DJ",1982,
"DJ",1983,
"DJ",1984,
"DJ",1985,
"DJ",1986,
"DJ",1987,
"DJ",1988,
"DJ",1989,
"DJ",1990,17585
"DJ",1991,
"DJ",1992,
"DJ",1993,34340
"DJ",1994,
"DJ",1995,
"DJ",1996,65754
"DJ",1997,
"DJ",1998,
"DJ",1999,90422
"DJ",2000,
"DJ",2001,
"DJ",2002,113968
"DJ",2003,
"DJ",2004,
"DJ",2005,152582
"DJ",2006,
"DJ",2007,
"DJ",2008,168786
"DJ",2009,
"DJ",2010,190017
"DJ",2011,213937
"DJ",2012,224526
"DJ",2013,291509
"DJ",2014,
"DJ",2015,291266
"DJ",2016,
"DJ",2017,
"LB",1981,
"LB",1982,
"LB",1983,
"LB",1984,
"LB",1985,
"LB",1986,
"LB",1987,
"LB",1988,
"LB",1989,
"LB",1990,0
"LB",1991,
"LB",1992,
"LB",1993,0
"LB",1994,
"LB",1995,
"LB",1996,0
"LB",1997,
"LB",1998,
"LB",1999,0
"LB",2000,
"LB",2001,
"LB",2002,0
"LB",2003,
"LB",2004,
"LB",2005,0
"LB",2006,
"LB",2007,
"LB",2008,0
"LB",2009,
"LB",2010,0
"LB",2011,0
"LB",2012,0
"LB",2013,3225
"LB",2014,
"LB",2015,3577
"LB",2016,
"LB",2017,
"SB",1981,
"SB",1982,
"SB",1983,
"SB",1984,
"SB",1985,
"SB",1986,
"SB",1987,
"SB",1988,
"SB",1989,
"SB",1990,68840
"SB",1991,
"SB",1992,
"SB",1993,62946
"SB",1994,
"SB",1995,
"SB",1996,69523
"SB",1997,
"SB",1998,
"SB",1999,92028
"SB",2000,
"SB",2001,
"SB",2002,185521
"SB",2003,
"SB",2004,
"SB",2005,209393
"SB",2006,
"SB",2007,
"SB",2008,197392
"SB",2009,
"SB",2010,218419
"SB",2011,215852
"SB",2012,219493
"SB",2013,235262
"SB",2014,
"SB",2015,267608
"SB",2016,
"SB",2017,
"TV",1981,
"TV",1982,
"TV",1983,
"TV",1984,
"TV",1985,
"TV",1986,
"TV",1987,
"TV",1988,
"TV",1989,
"TV",1990,146
"TV",1991,
"TV",1992,
"TV",1993,53
"TV",1994,
"TV",1995,
"TV",1996,251
"TV",1997,
"TV",1998,
"TV",1999,26
"TV",2000,
"TV",2001,
"TV",2002,27
"TV",2003,
"TV",2004,
"TV",2005,327
"TV",2006,
"TV",2007,
"TV",2008,281
"TV",2009,
"TV",2010,601
"TV",2011,607
"TV",2012,686
"TV",2013,823
"TV",2014,
"TV",2015,930
"TV",2016,
"TV",2017,
"HT",1981,
"HT",1982,
"HT",1983,
"HT",1984,
"HT",1985,
"HT",1986,
"HT",1987,
"HT",1988,
"HT",1989,
"HT",1990,
"HT",1991,
"HT",1992,
"HT",1993,
"HT",1994,
"HT",1995,
"HT",1996,4344829
"HT",1997,
"HT",1998,
"HT",1999,4304881
"HT",2000,
"HT",2001,
"HT",2002,4537472
"HT",2003,
"HT",2004,
"HT",2005,5053631
"HT",2006,
"HT",2007,
"HT",2008,5481773
"HT",2009,
"HT",2010,5318271
"HT",2011,5786453
"HT",2012,3348829
"HT",2013,3693560
"HT",2014,
"HT",2015,4267932
"HT",2016,
"HT",2017,
"XK",1981,
"XK",1982,
"XK",1983,
"XK",1984,
"XK",1985,
"XK",1986,
"XK",1987,
"XK",1988,
"XK",1989,
"XK",1990,
"XK",1991,
"XK",1992,
"XK",1993,
"XK",1994,
"XK",1995,
"XK",1996,56322
"XK",1997,
"XK",1998,
"XK",1999,56180
"XK",2000,
"XK",2001,
"XK",2002,16485
"XK",2003,
"XK",2004,
"XK",2005,49303
"XK",2006,
"XK",2007,
"XK",2008,49823
"XK",2009,
"XK",2010,55083
"XK",2011,44669
"XK",2012,31878
"XK",2013,19523
"XK",2014,
"XK",2015,28234
"XK",2016,
"XK",2017,
"MV",1981,
"MV",1982,
"MV",1983,
"MV",1984,
"MV",1985,
"MV",1986,
"MV",1987,
"MV",1988,
"MV",1989,
"MV",1990,
"MV",1991,
"MV",1992,
"MV",1993,
"MV",1994,
"MV",1995,
"MV",1996,25711
"MV",1997,
"MV",1998,
"MV",1999,19500
"MV",2000,
"MV",2001,
"MV",2002,24930
"MV",2003,
"MV",2004,
"MV",2005,40310
"MV",2006,
"MV",2007,
"MV",2008,24188
"MV",2009,
"MV",2010,38924
"MV",2011,40935
"MV",2012,43776
"MV",2013,46552
"MV",2014,
"MV",2015,50127
"MV",2016,
"MV",2017,
"PS",1981,
"PS",1982,
"PS",1983,
"PS",1984,
"PS",1985,
"PS",1986,
"PS",1987,
"PS",1988,
"PS",1989,
"PS",1990,
"PS",1991,
"PS",1992,
"PS",1993,
"PS",1994,
"PS",1995,
"PS",1996,15260
"PS",1997,
"PS",1998,
"PS",1999,6479
"PS",2000,
"PS",2001,
"PS",2002,40743
"PS",2003,
"PS",2004,
"PS",2005,25439
"PS",2006,
"PS",2007,
"PS",2008,49349
"PS",2009,
"PS",2010,23913
"PS",2011,20210
"PS",2012,22170
"PS",2013,48874
"PS",2014,
"PS",2015,79425
"PS",2016,
"PS",2017,
"ST",1981,
"ST",1982,
"ST",1983,
"ST",1984,
"ST",1985,
"ST",1986,
"ST",1987,
"ST",1988,
"ST",1989,
"ST",1990,
"ST",1991,
"ST",1992,
"ST",1993,
"ST",1994,
"ST",1995,
"ST",1996,
"ST",1997,
"ST",1998,
"ST",1999,
"ST",2000,
"ST",2001,
"ST",2002,35590
"ST",2003,
"ST",2004,
"ST",2005,50262
"ST",2006,
"ST",2007,
"ST",2008,58642
"ST",2009,
"ST",2010,72995
"ST",2011,80634
"ST",2012,85978
"ST",2013,93420
"ST",2014,
"ST",2015,98262
"ST",2016,
"ST",2017,
"SS",1981,
"SS",1982,
"SS",1983,
"SS",1984,
"SS",1985,
"SS",1986,
"SS",1987,
"SS",1988,
"SS",1989,
"SS",1990,
"SS",1991,
"SS",1992,
"SS",1993,
"SS",1994,
"SS",1995,
"SS",1996,
"SS",1997,
"SS",1998,
"SS",1999,
"SS",2000,
"SS",2001,
"SS",2002,
"SS",2003,
"SS",2004,
"SS",2005,
"SS",2006,
"SS",2007,
"SS",2008,4162244
"SS",2009,
"SS",2010,4703687
"SS",2011,5530358
"SS",2012,8817767
"SS",2013,8981660
"SS",2014,
"SS",2015,10088004
"SS",2016,
"SS",2017,
